time,temp,dwpt,rhum,prcp,snow,wdir,wspd,wpgt,pres,tsun,coco
2005-07-23 00:00:00-04:00,26.7,23.4,82.0,0.0,,310.0,5.4,,1018.2,,
2005-07-23 01:00:00-04:00,26.7,23.4,82.0,0.0,,240.0,7.6,,1018.2,,
2005-07-23 02:00:00-04:00,26.1,24.0,88.0,0.0,,270.0,7.6,,1018.1,,
2005-07-23 03:00:00-04:00,25.6,23.3,87.0,0.0,,290.0,5.4,,1017.7,,
2005-07-23 04:00:00-04:00,25.6,23.3,87.0,0.0,,280.0,7.6,,1017.4,,
2005-07-23 05:00:00-04:00,25.6,23.3,87.0,0.0,,290.0,5.4,,1017.7,,
2005-07-23 06:00:00-04:00,25.0,22.9,88.0,0.0,,300.0,5.4,,1017.7,,
2005-07-23 07:00:00-04:00,25.0,22.9,88.0,0.0,,240.0,7.6,,1018.1,,
2005-07-23 08:00:00-04:00,25.0,23.2,90.0,0.0,,0.0,0.0,,1018.6,,
2005-07-23 09:00:00-04:00,27.8,23.8,79.0,0.0,,310.0,9.4,,1019.2,,
2005-07-23 10:00:00-04:00,30.0,24.4,72.0,0.0,,330.0,9.4,,1019.3,,
2005-07-23 11:00:00-04:00,31.7,24.3,65.0,0.0,,340.0,13.0,,1019.5,,
2005-07-23 12:00:00-04:00,32.8,24.3,61.0,0.0,,340.0,9.4,,1019.5,,
2005-07-23 13:00:00-04:00,33.3,23.3,56.0,0.0,,,5.4,,1019.4,,
2005-07-23 14:00:00-04:00,32.8,23.4,58.0,0.0,,0.0,0.0,,1018.8,,
2005-07-23 15:00:00-04:00,33.3,23.3,56.0,0.0,,290.0,9.4,,1017.6,,
2005-07-23 16:00:00-04:00,34.4,23.1,52.0,0.0,,330.0,11.2,,1017.1,,
2005-07-23 17:00:00-04:00,33.9,23.9,56.0,0.0,,230.0,13.0,,1016.4,,
2005-07-23 18:00:00-04:00,32.8,24.3,61.0,0.0,,230.0,14.8,,1016.0,,
2005-07-23 19:00:00-04:00,31.7,24.3,65.0,0.0,,260.0,7.6,,1016.0,,
2005-07-23 20:00:00-04:00,31.1,25.0,70.0,0.0,,230.0,9.4,,1016.1,,
2005-07-23 21:00:00-04:00,29.4,23.8,72.0,0.0,,250.0,9.4,,1016.3,,
2005-07-23 22:00:00-04:00,26.7,23.4,82.0,1.5,,260.0,14.8,,1017.3,,
2005-07-23 23:00:00-04:00,25.6,22.7,84.0,0.0,,280.0,7.6,,1017.7,,
2005-07-24 00:00:00-04:00,25.0,23.2,90.0,0.0,,310.0,5.4,,1018.1,,
2005-07-24 01:00:00-04:00,25.6,22.7,84.0,0.0,,270.0,7.6,,1017.8,,
2005-07-24 02:00:00-04:00,25.0,22.9,88.0,0.0,,280.0,7.6,,1017.5,,
2005-07-24 03:00:00-04:00,24.4,22.8,91.0,0.0,,290.0,5.4,,1017.4,,
2005-07-24 04:00:00-04:00,25.0,22.9,88.0,0.0,,270.0,9.4,,1017.1,,
2005-07-24 05:00:00-04:00,25.0,22.9,88.0,0.0,,280.0,5.4,,1017.0,,
2005-07-24 06:00:00-04:00,25.0,22.1,84.0,0.0,,270.0,7.6,,1016.8,,
2005-07-24 07:00:00-04:00,25.6,22.7,84.0,0.0,,340.0,9.4,,1017.7,,
2005-07-24 08:00:00-04:00,26.1,23.4,85.0,0.0,,320.0,14.8,,1017.6,,
2005-07-24 09:00:00-04:00,27.8,21.1,67.0,0.0,,0.0,0.0,,1017.6,,
2005-07-24 10:00:00-04:00,28.9,23.8,74.0,0.0,,340.0,9.4,,1017.9,,
2005-07-24 11:00:00-04:00,31.1,24.5,68.0,0.0,,40.0,11.2,,1018.0,,
2005-07-24 12:00:00-04:00,32.2,25.0,66.0,0.0,,30.0,9.4,,1018.3,,
2005-07-24 13:00:00-04:00,32.8,24.3,61.0,0.0,,10.0,13.0,,1018.2,,
2005-07-24 14:00:00-04:00,34.4,22.1,49.0,0.0,,20.0,14.8,,1017.8,,
2005-07-24 15:00:00-04:00,35.0,22.3,48.0,0.0,,,7.6,,1017.3,,
2005-07-24 16:00:00-04:00,35.0,22.3,48.0,0.0,,40.0,13.0,,1016.8,,
2005-07-24 17:00:00-04:00,35.0,22.7,49.0,0.0,,80.0,13.0,,1015.9,,
2005-07-24 18:00:00-04:00,33.9,23.3,54.0,0.0,,190.0,14.8,,1015.6,,
2005-07-24 19:00:00-04:00,31.1,25.7,73.0,0.0,,290.0,7.6,,1015.6,,
2005-07-24 20:00:00-04:00,30.6,26.1,77.0,,,210.0,13.0,,1015.5,,
2005-07-24 21:00:00-04:00,30.0,25.5,77.0,0.0,,220.0,9.4,,1016.0,,
2005-07-24 22:00:00-04:00,28.9,25.1,80.0,0.0,,220.0,9.4,,1016.6,,
2005-07-24 23:00:00-04:00,27.8,23.8,79.0,0.0,,260.0,5.4,,1017.2,,
2005-07-25 00:00:00-04:00,27.2,24.5,85.0,0.0,,0.0,0.0,,1017.1,,
2005-07-25 01:00:00-04:00,26.7,24.3,87.0,0.0,,0.0,0.0,,1017.0,,
2005-07-25 02:00:00-04:00,26.1,24.3,90.0,0.0,,0.0,0.0,,1016.9,,
2005-07-25 03:00:00-04:00,25.6,23.8,90.0,0.0,,0.0,0.0,,1016.6,,
2005-07-25 04:00:00-04:00,25.6,23.3,87.0,0.0,,0.0,0.0,,1016.4,,
2005-07-25 05:00:00-04:00,25.6,23.3,87.0,0.0,,0.0,0.0,,1016.3,,
2005-07-25 06:00:00-04:00,25.6,23.3,87.0,0.0,,0.0,0.0,,1016.5,,
2005-07-25 07:00:00-04:00,25.6,23.3,87.0,0.0,,0.0,0.0,,1016.7,,
2005-07-25 08:00:00-04:00,26.1,23.4,85.0,0.0,,40.0,7.6,,1017.1,,
2005-07-25 09:00:00-04:00,27.8,23.8,79.0,0.0,,40.0,9.4,,1017.6,,
2005-07-25 10:00:00-04:00,30.0,24.4,72.0,0.0,,70.0,11.2,,1017.9,,
2005-07-25 11:00:00-04:00,31.7,23.2,61.0,0.0,,70.0,14.8,,1017.8,,
2005-07-25 12:00:00-04:00,32.2,21.1,52.0,0.0,,100.0,11.2,,1018.0,,
2005-07-25 13:00:00-04:00,33.9,19.9,44.0,0.0,,110.0,18.4,,1018.0,,
2005-07-25 14:00:00-04:00,33.9,19.9,44.0,0.0,,170.0,14.8,,1017.5,,
2005-07-25 15:00:00-04:00,33.9,19.9,44.0,0.0,,190.0,9.4,,1017.2,,
2005-07-25 16:00:00-04:00,33.9,18.8,41.0,0.0,,,7.6,,1016.7,,
2005-07-25 17:00:00-04:00,34.4,18.8,40.0,0.0,,180.0,11.2,,1016.0,,
2005-07-25 18:00:00-04:00,32.2,24.0,62.0,0.0,,220.0,14.8,,1015.9,,
2005-07-25 19:00:00-04:00,31.1,23.2,63.0,0.0,,240.0,9.4,,1015.5,,
2005-07-25 20:00:00-04:00,30.0,23.9,70.0,0.0,,220.0,9.4,,1015.5,,
2005-07-25 21:00:00-04:00,29.4,23.8,72.0,0.0,,210.0,7.6,,1015.8,,
2005-07-25 22:00:00-04:00,28.3,23.9,77.0,0.0,,210.0,9.4,,1015.9,,
2005-07-25 23:00:00-04:00,28.3,23.9,77.0,0.0,,0.0,0.0,,1016.3,,
2005-07-26 00:00:00-04:00,27.8,23.8,79.0,0.0,,0.0,0.0,,1016.5,,
2005-07-26 01:00:00-04:00,27.2,23.9,82.0,0.0,,0.0,0.0,,1016.5,,
2005-07-26 02:00:00-04:00,26.7,24.0,85.0,0.0,,0.0,0.0,,1016.1,,
2005-07-26 03:00:00-04:00,26.7,23.4,82.0,0.0,,190.0,5.4,,1015.4,,
2005-07-26 04:00:00-04:00,25.6,23.3,87.0,0.0,,0.0,0.0,,1015.1,,
2005-07-26 05:00:00-04:00,25.0,23.2,90.0,0.0,,0.0,0.0,,1015.3,,
2005-07-26 06:00:00-04:00,25.6,23.3,87.0,0.0,,0.0,0.0,,1015.5,,
2005-07-26 07:00:00-04:00,25.0,23.2,90.0,0.0,,0.0,0.0,,1016.0,,
2005-07-26 08:00:00-04:00,26.1,24.0,88.0,0.0,,0.0,0.0,,1016.4,,
2005-07-26 09:00:00-04:00,28.3,24.3,79.0,0.0,,0.0,0.0,,1016.8,,
2005-07-26 10:00:00-04:00,29.4,23.8,72.0,0.0,,290.0,5.4,,1017.2,,
2005-07-26 11:00:00-04:00,30.0,24.4,72.0,0.0,,310.0,5.4,,1017.0,,
2005-07-26 12:00:00-04:00,32.2,23.2,59.0,0.0,,0.0,0.0,,1017.1,,
2005-07-26 13:00:00-04:00,31.7,22.1,57.0,0.0,,220.0,9.4,,1016.9,,
2005-07-26 14:00:00-04:00,31.7,22.7,59.0,0.0,,0.0,0.0,,1016.4,,
2005-07-26 15:00:00-04:00,32.2,22.9,58.0,0.0,,200.0,20.5,,1015.9,,
2005-07-26 16:00:00-04:00,30.6,23.3,65.0,0.0,,280.0,18.4,,1015.6,,
2005-07-26 17:00:00-04:00,29.4,23.3,70.0,0.0,,360.0,11.2,,1015.4,,
2005-07-26 18:00:00-04:00,27.8,23.8,79.0,1.0,,250.0,5.4,,1015.4,,
2005-07-26 19:00:00-04:00,27.2,22.2,74.0,0.0,,0.0,0.0,,1015.0,,
2005-07-26 20:00:00-04:00,27.8,23.4,77.0,0.0,,200.0,5.4,,1014.9,,
2005-07-26 21:00:00-04:00,27.8,23.4,77.0,0.0,,200.0,7.6,,1015.1,,
2005-07-26 22:00:00-04:00,26.7,23.4,82.0,0.0,,200.0,7.6,,1015.3,,
2005-07-26 23:00:00-04:00,26.1,22.8,82.0,0.0,,210.0,7.6,,1015.3,,
2005-07-27 00:00:00-04:00,25.0,22.9,88.0,0.0,,0.0,0.0,,1015.3,,
2005-07-27 01:00:00-04:00,26.1,22.8,82.0,0.0,,150.0,5.4,,1015.0,,
2005-07-27 02:00:00-04:00,24.4,22.8,91.0,0.0,,0.0,0.0,,1014.9,,
2005-07-27 03:00:00-04:00,23.9,22.2,90.0,0.0,,0.0,0.0,,1014.7,,
2005-07-27 04:00:00-04:00,23.9,22.2,90.0,0.0,,0.0,0.0,,1014.8,,
2005-07-27 05:00:00-04:00,23.9,22.2,90.0,0.0,,0.0,0.0,,1015.4,,
2005-07-27 06:00:00-04:00,23.9,22.2,90.0,0.0,,0.0,0.0,,1015.6,,
2005-07-27 07:00:00-04:00,23.9,22.2,90.0,0.0,,0.0,0.0,,1015.9,,
2005-07-27 08:00:00-04:00,25.0,22.9,88.0,0.0,,0.0,0.0,,1016.1,,
2005-07-27 09:00:00-04:00,27.8,23.8,79.0,0.0,,0.0,0.0,,1016.3,,
2005-07-27 10:00:00-04:00,28.9,23.8,74.0,0.0,,260.0,7.6,,1016.8,,
2005-07-27 11:00:00-04:00,30.6,24.0,68.0,0.0,,290.0,9.4,,1016.6,,
2005-07-27 12:00:00-04:00,31.7,22.1,57.0,0.0,,,5.4,,1016.1,,
2005-07-27 13:00:00-04:00,32.2,21.1,52.0,0.0,,,5.4,,1015.8,,
2005-07-27 14:00:00-04:00,32.2,21.7,54.0,0.0,,80.0,7.6,,1015.3,,
2005-07-27 15:00:00-04:00,31.7,21.2,54.0,0.0,,150.0,14.8,,1015.2,,
2005-07-27 16:00:00-04:00,30.0,22.7,65.0,0.0,,220.0,11.2,,1014.5,,
2005-07-27 17:00:00-04:00,31.1,22.1,59.0,0.0,,220.0,13.0,,1013.9,,
2005-07-27 18:00:00-04:00,31.1,22.1,59.0,0.0,,240.0,11.2,,1013.8,,
2005-07-27 19:00:00-04:00,31.1,22.7,61.0,0.0,,240.0,9.4,,1013.8,,
2005-07-27 20:00:00-04:00,30.0,22.7,65.0,0.0,,240.0,7.6,,1013.8,,
2005-07-27 21:00:00-04:00,28.3,22.8,72.0,0.0,,220.0,5.4,,1013.9,,
2005-07-27 22:00:00-04:00,27.2,22.8,77.0,0.0,,200.0,7.6,,1014.3,,
2005-07-27 23:00:00-04:00,26.7,22.7,79.0,0.0,,0.0,0.0,,1015.1,,
2005-07-28 00:00:00-04:00,26.1,23.4,85.0,0.0,,0.0,0.0,,1015.4,,
2005-07-28 01:00:00-04:00,25.6,22.7,84.0,0.0,,0.0,0.0,,1015.2,,
2005-07-28 02:00:00-04:00,25.6,22.7,84.0,0.0,,0.0,0.0,,1014.7,,
2005-07-28 03:00:00-04:00,25.6,22.7,84.0,0.0,,0.0,0.0,,1014.3,,
2005-07-28 04:00:00-04:00,24.4,22.3,88.0,0.0,,0.0,0.0,,1014.3,,
2005-07-28 05:00:00-04:00,24.4,22.3,88.0,0.0,,0.0,0.0,,1014.1,,
2005-07-28 06:00:00-04:00,24.4,22.3,88.0,0.0,,0.0,0.0,,1014.4,,
2005-07-28 07:00:00-04:00,23.3,21.7,91.0,0.0,,0.0,0.0,,1014.7,,
2005-07-28 08:00:00-04:00,24.4,22.3,88.0,0.0,,270.0,5.4,,1015.8,,
2005-07-28 09:00:00-04:00,27.2,23.9,82.0,0.0,,360.0,5.4,,1016.1,,
2005-07-28 10:00:00-04:00,30.0,23.9,70.0,0.0,,,7.6,,1016.2,,
2005-07-28 11:00:00-04:00,29.4,23.3,70.0,0.0,,230.0,5.4,,1016.3,,
2005-07-28 12:00:00-04:00,31.1,23.2,63.0,0.0,,350.0,5.4,,1016.3,,
2005-07-28 13:00:00-04:00,31.7,22.7,59.0,0.0,,0.0,0.0,,1016.2,,
2005-07-28 14:00:00-04:00,31.7,22.7,59.0,0.0,,330.0,11.2,,1015.6,,
2005-07-28 15:00:00-04:00,28.9,22.1,67.0,0.0,,180.0,16.6,,1015.4,,
2005-07-28 16:00:00-04:00,28.9,22.1,67.0,0.0,,150.0,11.2,,1014.9,,
2005-07-28 17:00:00-04:00,30.6,21.7,59.0,0.0,,190.0,13.0,,1014.7,,
2005-07-28 18:00:00-04:00,31.7,22.7,59.0,0.0,,190.0,14.8,,1014.3,,
2005-07-28 19:00:00-04:00,30.0,22.7,65.0,0.0,,230.0,13.0,,1015.5,,
2005-07-28 20:00:00-04:00,22.8,19.9,84.0,0.8,,30.0,16.6,,1016.2,,
2005-07-28 21:00:00-04:00,23.3,21.2,88.0,,,80.0,7.6,,1016.1,,
2005-07-28 22:00:00-04:00,23.3,21.2,88.0,0.0,,0.0,0.0,,1015.8,,
2005-07-28 23:00:00-04:00,23.3,21.2,88.0,0.0,,360.0,7.6,,1016.1,,
2005-07-29 00:00:00-04:00,22.8,21.1,90.0,0.0,,330.0,7.6,,1016.3,,
2005-07-29 01:00:00-04:00,23.3,21.2,88.0,0.0,,0.0,0.0,,1016.3,,
2005-07-29 02:00:00-04:00,22.8,21.1,90.0,0.0,,320.0,7.6,,1016.1,,
2005-07-29 03:00:00-04:00,22.8,21.1,90.0,0.0,,320.0,9.4,,1016.5,,
2005-07-29 04:00:00-04:00,22.8,21.1,90.0,0.0,,,5.4,,1016.1,,
2005-07-29 05:00:00-04:00,22.8,21.1,90.0,0.0,,350.0,5.4,,1016.1,,
2005-07-29 06:00:00-04:00,22.8,21.1,90.0,0.0,,0.0,0.0,,1016.3,,
2005-07-29 07:00:00-04:00,22.8,21.1,90.0,0.0,,30.0,5.4,,1016.6,,
2005-07-29 08:00:00-04:00,23.3,21.7,91.0,0.0,,10.0,9.4,,1017.3,,
2005-07-29 09:00:00-04:00,25.0,22.1,84.0,0.0,,40.0,11.2,,1017.9,,
2005-07-29 10:00:00-04:00,26.7,22.1,76.0,0.0,,40.0,11.2,,1017.8,,
2005-07-29 11:00:00-04:00,28.3,22.3,70.0,0.0,,,5.4,,1018.0,,
2005-07-29 12:00:00-04:00,29.4,22.9,68.0,0.0,,60.0,7.6,,1018.2,,
2005-07-29 13:00:00-04:00,31.7,23.2,61.0,0.0,,20.0,13.0,,1018.0,,
2005-07-29 14:00:00-04:00,32.2,23.2,59.0,0.0,,,9.4,,1017.7,,
2005-07-29 15:00:00-04:00,32.2,21.7,54.0,0.0,,,5.4,,1017.2,,
2005-07-29 16:00:00-04:00,33.3,21.8,51.0,0.0,,0.0,0.0,,1016.2,,
2005-07-29 17:00:00-04:00,33.3,21.8,51.0,0.0,,,9.4,,1015.5,,
2005-07-29 18:00:00-04:00,22.8,20.5,87.0,8.4,,240.0,24.1,,1017.4,,
2005-07-29 19:00:00-04:00,22.8,21.8,94.0,23.4,,330.0,7.6,,1017.2,,
2005-07-29 20:00:00-04:00,22.8,21.1,90.0,1.0,,310.0,7.6,,1016.3,,
2005-07-29 21:00:00-04:00,23.9,21.8,88.0,0.3,,0.0,0.0,,1017.1,,
2005-07-29 22:00:00-04:00,23.9,22.2,90.0,0.0,,100.0,14.8,,1017.0,,
2005-07-29 23:00:00-04:00,23.3,21.7,91.0,0.0,,0.0,0.0,,1017.2,,
2005-07-30 00:00:00-04:00,23.3,21.7,91.0,0.0,,60.0,7.6,,1017.4,,
2005-07-30 01:00:00-04:00,23.9,21.8,88.0,0.0,,0.0,0.0,,1017.4,,
2005-07-30 02:00:00-04:00,22.8,21.8,94.0,0.0,,310.0,7.6,,1017.0,,
2005-07-30 03:00:00-04:00,23.3,21.7,91.0,0.0,,0.0,0.0,,1016.9,,
2005-07-30 04:00:00-04:00,22.8,21.8,94.0,0.0,,0.0,0.0,,1016.3,,
2005-07-30 05:00:00-04:00,22.8,21.1,90.0,0.0,,0.0,0.0,,1015.9,,
2005-07-30 06:00:00-04:00,22.8,21.1,90.0,0.0,,320.0,5.4,,1016.4,,
2005-07-30 07:00:00-04:00,22.8,21.1,90.0,0.0,,10.0,7.6,,1017.0,,
2005-07-30 08:00:00-04:00,22.8,21.8,94.0,0.0,,60.0,5.4,,1017.6,,
2005-07-30 09:00:00-04:00,22.8,21.8,94.0,0.0,,,5.4,,1017.9,,
2005-07-30 10:00:00-04:00,26.1,22.8,82.0,0.0,,50.0,11.2,,1017.7,,
2005-07-30 11:00:00-04:00,26.7,22.7,79.0,0.0,,20.0,11.2,,1017.9,,
2005-07-30 12:00:00-04:00,27.8,22.7,74.0,0.0,,70.0,14.8,,1018.2,,
2005-07-30 13:00:00-04:00,28.3,22.8,72.0,0.0,,70.0,7.6,,1018.0,,
2005-07-30 14:00:00-04:00,29.4,22.1,65.0,0.0,,50.0,9.4,,1017.6,,
2005-07-30 15:00:00-04:00,30.6,22.2,61.0,0.0,,350.0,5.4,,1017.0,,
2005-07-30 16:00:00-04:00,30.0,22.2,63.0,0.0,,20.0,7.6,,1016.1,,
2005-07-30 17:00:00-04:00,29.4,23.3,70.0,0.0,,150.0,18.4,,1016.2,,
2005-07-30 18:00:00-04:00,24.4,20.5,79.0,47.5,,120.0,13.0,,1017.4,,
2005-07-30 19:00:00-04:00,22.8,21.8,94.0,5.3,,0.0,0.0,,1016.3,,
2005-07-30 20:00:00-04:00,22.8,22.1,96.0,1.3,,0.0,0.0,,1016.6,,
2005-07-30 21:00:00-04:00,23.3,21.7,91.0,0.3,,330.0,9.4,,1016.3,,
2005-07-30 22:00:00-04:00,23.3,21.7,91.0,0.0,,70.0,5.4,,1016.9,,
2005-07-30 23:00:00-04:00,23.3,21.7,91.0,0.0,,70.0,9.4,,1017.3,,
2005-07-31 00:00:00-04:00,23.3,21.7,91.0,0.0,,50.0,5.4,,1017.1,,
2005-07-31 01:00:00-04:00,23.3,21.7,91.0,0.0,,0.0,0.0,,1017.2,,
2005-07-31 02:00:00-04:00,23.3,21.7,91.0,0.0,,350.0,7.6,,1017.3,,
2005-07-31 03:00:00-04:00,22.8,21.8,94.0,,,0.0,0.0,,1016.7,,
2005-07-31 04:00:00-04:00,22.8,21.1,90.0,,,100.0,7.6,,1016.4,,
2005-07-31 05:00:00-04:00,22.8,21.1,90.0,,,50.0,5.4,,1016.4,,
2005-07-31 06:00:00-04:00,22.8,21.1,90.0,,,40.0,13.0,,1016.6,,
2005-07-31 07:00:00-04:00,22.2,21.2,94.0,,,70.0,5.4,,1017.3,,
2005-07-31 08:00:00-04:00,22.8,21.1,90.0,,,0.0,0.0,,1017.4,,
2005-07-31 09:00:00-04:00,23.3,21.7,91.0,,,50.0,7.6,,1017.7,,
2005-07-31 10:00:00-04:00,23.9,22.2,90.0,,,80.0,13.0,,1017.7,,
2005-07-31 11:00:00-04:00,25.6,22.7,84.0,,,50.0,9.4,,1017.8,,
2005-07-31 12:00:00-04:00,26.7,22.7,79.0,,,30.0,9.4,,1017.9,,
2005-07-31 13:00:00-04:00,28.3,23.2,74.0,,,20.0,11.2,,1017.7,,
2005-07-31 14:00:00-04:00,30.0,23.2,67.0,,,30.0,7.6,,1017.5,,
2005-07-31 15:00:00-04:00,30.0,22.2,63.0,,,,9.4,,1016.9,,
2005-07-31 17:00:00-04:00,30.6,21.7,59.0,,,130.0,13.0,,1015.9,,
2005-07-31 18:00:00-04:00,31.1,22.1,59.0,,,140.0,14.8,,1015.1,,
2005-07-31 19:00:00-04:00,29.4,22.9,68.0,,,220.0,9.4,,1014.9,,
2005-07-31 20:00:00-04:00,28.3,22.3,70.0,,,220.0,9.4,,1015.1,,
2005-07-31 21:00:00-04:00,26.7,22.7,79.0,,,210.0,5.4,,1015.8,,
2005-07-31 22:00:00-04:00,25.0,23.2,90.0,,,330.0,5.4,,1016.3,,
2005-07-31 23:00:00-04:00,25.6,23.3,87.0,,,0.0,0.0,,1016.5,,
2005-08-01 00:00:00-04:00,25.6,22.7,84.0,,,100.0,11.2,,1016.9,,
2005-08-01 01:00:00-04:00,25.0,21.7,82.0,,,90.0,7.6,,1016.9,,
2005-08-01 02:00:00-04:00,23.9,21.8,88.0,,,0.0,0.0,,1016.5,,
2005-08-01 03:00:00-04:00,23.9,21.8,88.0,0.0,,0.0,0.0,,1016.2,,
2005-08-01 04:00:00-04:00,23.9,21.8,88.0,0.0,,0.0,0.0,,1015.9,,
2005-08-01 05:00:00-04:00,23.9,22.2,90.0,0.0,,70.0,7.6,,1015.9,,
2005-08-01 06:00:00-04:00,23.3,21.7,91.0,0.0,,0.0,0.0,,1015.9,,
2005-08-01 07:00:00-04:00,23.3,21.7,91.0,0.0,,30.0,5.4,,1016.2,,
2005-08-01 08:00:00-04:00,23.3,21.7,91.0,0.0,,40.0,7.6,,1017.0,,
2005-08-01 09:00:00-04:00,25.0,22.9,88.0,0.0,,70.0,7.6,,1017.8,,
2005-08-01 10:00:00-04:00,27.2,23.2,79.0,0.0,,100.0,9.4,,1018.1,,
2005-08-01 11:00:00-04:00,28.3,22.8,72.0,0.0,,350.0,5.4,,1018.3,,
2005-08-01 12:00:00-04:00,28.3,22.8,72.0,0.0,,30.0,7.6,,1018.2,,
2005-08-01 13:00:00-04:00,29.4,22.9,68.0,0.0,,10.0,5.4,,1017.6,,
2005-08-01 14:00:00-04:00,27.8,22.7,74.0,0.0,,170.0,22.3,,1017.5,,
2005-08-01 15:00:00-04:00,22.8,22.8,100.0,27.2,,270.0,9.4,,1017.7,,
2005-08-01 16:00:00-04:00,24.4,23.9,97.0,0.8,,0.0,0.0,,1017.0,,
2005-08-01 17:00:00-04:00,25.6,22.7,84.0,,,250.0,5.4,,1016.6,,
2005-08-01 18:00:00-04:00,26.1,22.8,82.0,,,290.0,7.6,,1016.4,,
2005-08-01 19:00:00-04:00,25.0,21.7,82.0,0.0,,260.0,5.4,,1015.7,,
2005-08-01 20:00:00-04:00,25.6,22.3,82.0,,,0.0,0.0,,1016.2,,
2005-08-01 21:00:00-04:00,24.4,22.3,88.0,0.0,,0.0,0.0,,1015.9,,
2005-08-01 22:00:00-04:00,23.9,22.2,90.0,0.0,,0.0,0.0,,1016.3,,
2005-08-01 23:00:00-04:00,23.3,21.7,91.0,0.0,,350.0,7.6,,1016.7,,
2005-08-02 00:00:00-04:00,23.3,21.7,91.0,0.0,,50.0,7.6,,1016.4,,
2005-08-02 01:00:00-04:00,23.3,21.7,91.0,0.0,,50.0,7.6,,1016.5,,
2005-08-02 02:00:00-04:00,23.3,21.7,91.0,0.0,,0.0,0.0,,1016.3,,
2005-08-02 03:00:00-04:00,22.8,21.1,90.0,0.0,,0.0,0.0,,1016.2,,
2005-08-02 04:00:00-04:00,22.8,21.8,94.0,0.0,,0.0,0.0,,1015.8,,
2005-08-02 05:00:00-04:00,22.8,21.8,94.0,0.0,,0.0,0.0,,1015.6,,
2005-08-02 06:00:00-04:00,22.8,21.8,94.0,0.0,,0.0,0.0,,1015.7,,
2005-08-02 07:00:00-04:00,22.8,21.8,94.0,,,0.0,0.0,,1016.0,,
2005-08-02 08:00:00-04:00,23.3,21.7,91.0,,,0.0,0.0,,1016.9,,
2005-08-02 09:00:00-04:00,23.3,21.7,91.0,0.0,,30.0,7.6,,1017.4,,
2005-08-02 10:00:00-04:00,23.3,22.3,94.0,0.0,,40.0,9.4,,1017.6,,
2005-08-02 11:00:00-04:00,24.4,22.8,91.0,0.0,,70.0,7.6,,1017.9,,
2005-08-02 12:00:00-04:00,27.2,22.2,74.0,0.0,,40.0,7.6,,1017.7,,
2005-08-02 13:00:00-04:00,27.8,22.7,74.0,0.0,,,7.6,,1017.2,,
2005-08-02 14:00:00-04:00,27.8,22.7,74.0,0.0,,230.0,5.4,,1016.4,,
2005-08-02 15:00:00-04:00,27.8,22.7,74.0,0.0,,,5.4,,1015.8,,
2005-08-02 16:00:00-04:00,23.9,20.0,79.0,,,30.0,20.5,,1016.5,,
2005-08-02 17:00:00-04:00,23.9,21.8,88.0,0.5,,80.0,11.2,,1016.0,,
2005-08-02 18:00:00-04:00,23.9,21.8,88.0,,,0.0,0.0,,1015.1,,
2005-08-02 19:00:00-04:00,25.0,21.1,79.0,0.0,,40.0,5.4,,1014.4,,
2005-08-02 20:00:00-04:00,24.4,21.7,85.0,0.0,,10.0,9.4,,1015.0,,
2005-08-02 21:00:00-04:00,23.9,21.8,88.0,0.0,,10.0,7.6,,1015.1,,
2005-08-02 22:00:00-04:00,23.3,21.7,91.0,0.0,,30.0,9.4,,1015.4,,
2005-08-02 23:00:00-04:00,22.8,21.8,94.0,0.0,,50.0,7.6,,1015.9,,
2005-08-03 00:00:00-04:00,22.8,21.8,94.0,0.0,,0.0,0.0,,1015.5,,
2005-08-03 01:00:00-04:00,22.8,21.8,94.0,0.0,,50.0,11.2,,1015.4,,
2005-08-03 02:00:00-04:00,22.8,22.1,96.0,0.0,,70.0,9.4,,1015.3,,
2005-08-03 03:00:00-04:00,22.8,22.1,96.0,0.0,,0.0,0.0,,1015.1,,
2005-08-03 04:00:00-04:00,23.3,22.3,94.0,0.0,,40.0,9.4,,1015.0,,
2005-08-03 05:00:00-04:00,22.8,21.8,94.0,0.0,,10.0,7.6,,1014.8,,
2005-08-03 06:00:00-04:00,22.8,21.8,94.0,0.0,,20.0,11.2,,1015.0,,
2005-08-03 07:00:00-04:00,22.8,21.8,94.0,0.0,,40.0,9.4,,1015.5,,
2005-08-03 08:00:00-04:00,22.8,21.8,94.0,0.0,,40.0,13.0,,1015.7,,
2005-08-03 09:00:00-04:00,23.9,22.2,90.0,0.0,,50.0,13.0,,1016.2,,
2005-08-03 10:00:00-04:00,24.4,22.3,88.0,0.0,,70.0,11.2,,1016.7,,
2005-08-03 11:00:00-04:00,26.1,22.2,79.0,0.0,,100.0,7.6,,1016.8,,
2005-08-03 12:00:00-04:00,27.2,22.2,74.0,0.0,,30.0,11.2,,1016.5,,
2005-08-03 13:00:00-04:00,28.3,21.8,68.0,0.0,,50.0,14.8,,1016.1,,
2005-08-03 14:00:00-04:00,28.9,21.6,65.0,0.0,,60.0,14.8,,1015.7,,
2005-08-03 15:00:00-04:00,30.0,21.6,61.0,0.0,,0.0,0.0,,1015.5,,
2005-08-03 16:00:00-04:00,29.4,21.6,63.0,0.0,,0.0,0.0,,1014.8,,
2005-08-03 17:00:00-04:00,29.4,21.6,63.0,0.0,,160.0,11.2,,1014.0,,
2005-08-03 18:00:00-04:00,29.4,21.6,63.0,0.0,,180.0,11.2,,1013.6,,
2005-08-03 19:00:00-04:00,28.3,22.3,70.0,0.0,,140.0,11.2,,1014.1,,
2005-08-03 20:00:00-04:00,22.2,20.7,91.0,9.4,,50.0,14.8,,1015.3,,
2005-08-03 21:00:00-04:00,22.8,21.1,90.0,6.6,,360.0,5.4,,1015.5,,
2005-08-03 22:00:00-04:00,23.3,21.2,88.0,0.3,,130.0,7.6,,1015.1,,
2005-08-03 23:00:00-04:00,22.8,21.8,94.0,0.3,,50.0,7.6,,1015.6,,
2005-08-04 00:00:00-04:00,22.8,21.1,90.0,0.0,,60.0,9.4,,1015.9,,
2005-08-04 01:00:00-04:00,22.8,21.1,90.0,0.0,,40.0,11.2,,1016.3,,
2005-08-04 02:00:00-04:00,22.8,21.8,94.0,0.0,,80.0,7.6,,1016.3,,
2005-08-04 03:00:00-04:00,22.8,21.1,90.0,0.0,,40.0,5.4,,1015.9,,
2005-08-04 04:00:00-04:00,22.8,21.1,90.0,0.0,,0.0,0.0,,1015.8,,
2005-08-04 05:00:00-04:00,22.8,21.1,90.0,0.0,,80.0,13.0,,1015.8,,
2005-08-04 06:00:00-04:00,22.2,21.2,94.0,0.0,,30.0,5.4,,1016.0,,
2005-08-04 07:00:00-04:00,22.8,21.1,90.0,0.0,,40.0,5.4,,1016.5,,
2005-08-04 08:00:00-04:00,22.8,21.1,90.0,0.0,,40.0,7.6,,1017.3,,
2005-08-04 09:00:00-04:00,22.8,21.8,94.0,0.0,,40.0,13.0,,1018.0,,
2005-08-04 10:00:00-04:00,24.4,21.7,85.0,0.0,,60.0,13.0,,1018.1,,
2005-08-04 11:00:00-04:00,25.6,22.3,82.0,0.0,,50.0,11.2,,1018.6,,
2005-08-04 12:00:00-04:00,27.2,22.8,77.0,0.0,,,5.4,,1018.1,,
2005-08-04 13:00:00-04:00,29.4,22.9,68.0,0.0,,60.0,7.6,,1017.6,,
2005-08-04 14:00:00-04:00,28.9,22.1,67.0,0.0,,80.0,7.6,,1017.6,,
2005-08-04 15:00:00-04:00,24.4,22.3,88.0,,,60.0,24.1,,1017.9,,
2005-08-04 16:00:00-04:00,22.8,21.8,94.0,14.7,,80.0,18.4,,1017.6,,
2005-08-04 17:00:00-04:00,23.3,21.7,91.0,2.8,,100.0,9.4,,1017.7,,
2005-08-04 18:00:00-04:00,22.8,21.8,94.0,0.8,,20.0,11.2,,1017.8,,
2005-08-04 19:00:00-04:00,23.3,21.2,88.0,1.0,,110.0,11.2,,1017.6,,
2005-08-04 20:00:00-04:00,22.8,21.1,90.0,,,60.0,5.4,,1016.9,,
2005-08-04 21:00:00-04:00,22.8,20.5,87.0,0.0,,40.0,9.4,,1016.9,,
2005-08-04 22:00:00-04:00,22.2,20.7,91.0,0.0,,40.0,9.4,,1016.6,,
2005-08-04 23:00:00-04:00,22.2,20.7,91.0,0.0,,360.0,7.6,,1017.6,,
2005-08-05 00:00:00-04:00,22.2,19.9,87.0,0.0,,360.0,5.4,,1017.7,,
2005-08-05 01:00:00-04:00,22.2,20.7,91.0,0.0,,30.0,9.4,,1018.1,,
2005-08-05 02:00:00-04:00,22.2,20.7,91.0,0.0,,40.0,9.4,,1017.7,,
2005-08-05 03:00:00-04:00,22.2,20.7,91.0,0.0,,60.0,5.4,,1017.4,,
2005-08-05 04:00:00-04:00,21.7,20.0,90.0,0.0,,0.0,0.0,,1017.7,,
2005-08-05 05:00:00-04:00,21.7,20.0,90.0,0.0,,0.0,0.0,,1017.5,,
2005-08-05 06:00:00-04:00,22.2,20.7,91.0,0.0,,0.0,0.0,,1018.0,,
2005-08-05 07:00:00-04:00,22.2,20.7,91.0,0.0,,0.0,0.0,,1018.0,,
2005-08-05 08:00:00-04:00,22.8,21.1,90.0,0.0,,40.0,9.4,,1018.6,,
2005-08-05 09:00:00-04:00,23.3,21.2,88.0,0.0,,20.0,11.2,,1019.1,,
2005-08-05 10:00:00-04:00,23.9,21.0,84.0,0.0,,10.0,16.6,,1018.9,,
2005-08-05 11:00:00-04:00,25.6,21.0,76.0,,,40.0,18.4,,1018.8,,
2005-08-05 12:00:00-04:00,27.2,21.0,69.0,0.0,,40.0,29.5,,1018.9,,
2005-08-05 13:00:00-04:00,27.2,21.0,69.0,0.0,,40.0,20.5,,1018.5,,
2005-08-05 14:00:00-04:00,28.3,20.0,61.0,0.0,,30.0,22.3,,1018.1,,
2005-08-05 15:00:00-04:00,27.8,20.6,65.0,0.0,,40.0,20.5,,1017.9,,
2005-08-05 16:00:00-04:00,27.8,20.1,63.0,0.0,,70.0,14.8,,1016.9,,
2005-08-05 17:00:00-04:00,26.7,20.1,67.0,0.0,,30.0,14.8,,1016.5,,
2005-08-05 18:00:00-04:00,25.6,19.9,71.0,,,30.0,13.0,,1016.5,,
2005-08-05 19:00:00-04:00,25.6,19.9,71.0,,,70.0,13.0,,1015.9,,
2005-08-05 20:00:00-04:00,25.6,20.6,74.0,0.0,,70.0,9.4,,1015.8,,
2005-08-05 21:00:00-04:00,24.4,20.5,79.0,0.0,,80.0,13.0,,1016.1,,
2005-08-05 22:00:00-04:00,23.9,20.6,82.0,0.0,,50.0,9.4,,1016.4,,
2005-08-05 23:00:00-04:00,23.3,21.2,88.0,0.0,,50.0,13.0,,1017.3,,
2005-08-06 00:00:00-04:00,23.3,21.2,88.0,0.0,,50.0,13.0,,1017.8,,
2005-08-06 01:00:00-04:00,23.3,21.2,88.0,,,70.0,11.2,,1017.3,,
2005-08-06 02:00:00-04:00,23.3,21.2,88.0,,,60.0,11.2,,1017.0,,
2005-08-06 03:00:00-04:00,22.8,21.1,90.0,0.0,,50.0,7.6,,1016.6,,
2005-08-06 04:00:00-04:00,22.8,21.1,90.0,0.0,,20.0,13.0,,1016.2,,
2005-08-06 05:00:00-04:00,22.2,20.7,91.0,0.0,,30.0,11.2,,1016.0,,
2005-08-06 06:00:00-04:00,22.2,20.7,91.0,0.0,,20.0,13.0,,1016.4,,
2005-08-06 07:00:00-04:00,22.2,19.9,87.0,0.0,,50.0,9.4,,1016.8,,
2005-08-06 08:00:00-04:00,22.2,19.9,87.0,0.0,,30.0,11.2,,1016.9,,
2005-08-06 09:00:00-04:00,22.2,20.7,91.0,0.0,,30.0,13.0,,1017.3,,
2005-08-06 10:00:00-04:00,23.3,21.2,88.0,0.0,,50.0,13.0,,1017.5,,
2005-08-06 11:00:00-04:00,26.7,21.7,74.0,0.0,,70.0,18.4,,1017.7,,
2005-08-06 12:00:00-04:00,26.7,21.0,71.0,0.0,,70.0,18.4,,1017.7,,
2005-08-06 13:00:00-04:00,27.8,21.1,67.0,0.0,,30.0,13.0,,1016.9,,
2005-08-06 14:00:00-04:00,26.7,22.1,76.0,,,20.0,16.6,,1016.4,,
2005-08-06 15:00:00-04:00,27.8,21.8,70.0,,,40.0,13.0,,1016.0,,
2005-08-06 16:00:00-04:00,28.3,21.1,65.0,0.0,,30.0,16.6,,1015.3,,
2005-08-06 17:00:00-04:00,27.2,21.7,72.0,0.0,,10.0,11.2,,1014.8,,
2005-08-06 18:00:00-04:00,28.3,21.8,68.0,0.0,,,11.2,,1014.5,,
2005-08-06 19:00:00-04:00,27.2,22.2,74.0,0.0,,350.0,7.6,,1014.1,,
2005-08-06 20:00:00-04:00,26.7,22.7,79.0,0.0,,340.0,13.0,,1013.8,,
2005-08-06 21:00:00-04:00,25.0,21.7,82.0,0.0,,20.0,11.2,,1014.5,,
2005-08-06 22:00:00-04:00,23.9,21.0,84.0,0.0,,360.0,9.4,,1015.6,,
2005-08-06 23:00:00-04:00,23.9,21.0,84.0,0.0,,10.0,9.4,,1015.9,,
2005-08-07 00:00:00-04:00,23.3,21.2,88.0,0.0,,40.0,9.4,,1016.2,,
2005-08-07 01:00:00-04:00,22.8,21.1,90.0,0.0,,320.0,7.6,,1016.0,,
2005-08-07 02:00:00-04:00,22.8,21.1,90.0,0.0,,0.0,0.0,,1015.6,,
2005-08-07 03:00:00-04:00,22.8,21.1,90.0,0.0,,0.0,0.0,,1015.2,,
2005-08-07 04:00:00-04:00,22.8,21.1,90.0,0.0,,30.0,5.4,,1014.6,,
2005-08-07 05:00:00-04:00,22.8,21.1,90.0,0.0,,0.0,0.0,,1014.4,,
2005-08-07 06:00:00-04:00,22.8,21.1,90.0,0.0,,350.0,5.4,,1014.6,,
2005-08-07 07:00:00-04:00,22.2,20.7,91.0,0.0,,10.0,7.6,,1015.1,,
2005-08-07 08:00:00-04:00,22.8,21.1,90.0,0.0,,360.0,5.4,,1015.7,,
2005-08-07 09:00:00-04:00,24.4,21.7,85.0,0.0,,350.0,7.6,,1016.3,,
2005-08-07 10:00:00-04:00,25.6,21.7,79.0,0.0,,20.0,5.4,,1016.8,,
2005-08-07 11:00:00-04:00,26.7,21.0,71.0,0.0,,10.0,11.2,,1017.0,,
2005-08-07 12:00:00-04:00,28.9,21.1,63.0,0.0,,360.0,13.0,,1016.8,,
2005-08-07 13:00:00-04:00,30.0,21.1,59.0,0.0,,10.0,13.0,,1016.3,,
2005-08-07 14:00:00-04:00,28.9,21.1,63.0,,,360.0,13.0,,1016.0,,
2005-08-07 15:00:00-04:00,27.2,22.2,74.0,1.5,,0.0,0.0,,1015.6,,
2005-08-07 16:00:00-04:00,29.4,21.1,61.0,0.0,,330.0,7.6,,1014.6,,
2005-08-07 17:00:00-04:00,28.9,22.1,67.0,0.3,,0.0,0.0,,1013.9,,
2005-08-07 18:00:00-04:00,26.1,22.8,82.0,16.8,,100.0,7.6,,1014.0,,
2005-08-07 19:00:00-04:00,27.8,22.3,72.0,,,0.0,0.0,,1013.4,,
2005-08-07 20:00:00-04:00,27.2,23.9,82.0,0.0,,0.0,0.0,,1014.0,,
2005-08-07 21:00:00-04:00,26.1,23.4,85.0,0.0,,280.0,5.4,,1014.3,,
2005-08-07 22:00:00-04:00,25.6,23.3,87.0,0.0,,0.0,0.0,,1014.4,,
2005-08-07 23:00:00-04:00,24.4,22.8,91.0,0.0,,0.0,0.0,,1014.9,,
2005-08-08 00:00:00-04:00,24.4,22.3,88.0,0.0,,280.0,5.4,,1015.5,,
2005-08-08 01:00:00-04:00,23.9,22.2,90.0,0.0,,0.0,0.0,,1015.3,,
2005-08-08 02:00:00-04:00,23.3,21.7,91.0,0.0,,0.0,0.0,,1014.7,,
2005-08-08 03:00:00-04:00,22.8,21.8,94.0,0.0,,310.0,5.4,,1014.3,,
2005-08-08 04:00:00-04:00,22.8,21.1,90.0,0.0,,0.0,0.0,,1014.3,,
2005-08-08 05:00:00-04:00,22.2,21.2,94.0,0.0,,300.0,7.6,,1014.4,,
2005-08-08 06:00:00-04:00,22.2,21.2,94.0,0.0,,290.0,5.4,,1014.7,,
2005-08-08 07:00:00-04:00,22.2,20.7,91.0,0.0,,0.0,0.0,,1015.0,,
2005-08-08 08:00:00-04:00,22.8,21.1,90.0,0.0,,320.0,5.4,,1015.5,,
2005-08-08 09:00:00-04:00,23.9,21.8,88.0,0.0,,330.0,7.6,,1016.0,,
2005-08-08 10:00:00-04:00,26.1,22.2,79.0,0.0,,310.0,5.4,,1016.1,,
2005-08-08 11:00:00-04:00,27.8,22.3,72.0,0.0,,310.0,11.2,,1016.4,,
2005-08-08 12:00:00-04:00,28.9,21.6,65.0,0.0,,330.0,13.0,,1016.4,,
2005-08-08 13:00:00-04:00,29.4,21.6,63.0,0.0,,340.0,14.8,,1016.1,,
2005-08-08 14:00:00-04:00,31.1,21.0,55.0,0.0,,320.0,11.2,,1015.7,,
2005-08-08 15:00:00-04:00,31.1,21.6,57.0,0.0,,360.0,13.0,,1015.0,,
2005-08-08 16:00:00-04:00,31.1,21.0,55.0,0.0,,,7.6,,1014.4,,
2005-08-08 17:00:00-04:00,30.6,21.1,57.0,0.0,,20.0,7.6,,1013.8,,
2005-08-08 18:00:00-04:00,29.4,22.1,65.0,0.0,,290.0,11.2,,1013.6,,
2005-08-08 19:00:00-04:00,30.0,22.2,63.0,0.0,,300.0,7.6,,1013.4,,
2005-08-08 20:00:00-04:00,28.9,22.9,70.0,0.0,,0.0,0.0,,1013.5,,
2005-08-08 21:00:00-04:00,26.7,24.0,85.0,0.0,,0.0,0.0,,1013.8,,
2005-08-08 22:00:00-04:00,26.1,24.0,88.0,0.0,,0.0,0.0,,1014.7,,
2005-08-08 23:00:00-04:00,25.6,23.3,87.0,0.0,,0.0,0.0,,1015.6,,
2005-08-09 00:00:00-04:00,25.0,23.2,90.0,0.0,,0.0,0.0,,1015.5,,
2005-08-09 01:00:00-04:00,24.4,22.8,91.0,0.0,,0.0,0.0,,1015.2,,
2005-08-09 02:00:00-04:00,23.9,22.2,90.0,0.0,,360.0,5.4,,1015.3,,
2005-08-09 03:00:00-04:00,23.9,22.2,90.0,0.0,,0.0,0.0,,1014.8,,
2005-08-09 04:00:00-04:00,23.3,21.7,91.0,0.0,,290.0,5.4,,1014.5,,
2005-08-09 05:00:00-04:00,23.3,21.7,91.0,0.0,,290.0,5.4,,1014.5,,
2005-08-09 06:00:00-04:00,22.8,21.8,94.0,0.0,,320.0,7.6,,1014.7,,
2005-08-09 07:00:00-04:00,22.8,21.1,90.0,0.0,,310.0,5.4,,1015.2,,
2005-08-09 08:00:00-04:00,23.3,21.7,91.0,0.0,,0.0,0.0,,1015.7,,
2005-08-09 09:00:00-04:00,25.6,22.7,84.0,0.0,,330.0,5.4,,1016.0,,
2005-08-09 10:00:00-04:00,28.3,22.8,72.0,0.0,,360.0,7.6,,1016.4,,
2005-08-09 11:00:00-04:00,30.0,22.2,63.0,0.0,,330.0,9.4,,1016.9,,
2005-08-09 12:00:00-04:00,30.6,21.7,59.0,0.0,,20.0,14.8,,1016.7,,
2005-08-09 13:00:00-04:00,31.1,21.6,57.0,0.0,,310.0,9.4,,1016.3,,
2005-08-09 14:00:00-04:00,31.1,21.0,55.0,0.0,,,5.4,,1016.0,,
2005-08-09 15:00:00-04:00,31.1,21.0,55.0,0.0,,300.0,7.6,,1015.4,,
2005-08-09 16:00:00-04:00,31.1,21.6,57.0,0.0,,260.0,7.6,,1014.6,,
2005-08-09 17:00:00-04:00,31.7,20.6,52.0,0.0,,250.0,9.4,,1013.9,,
2005-08-09 18:00:00-04:00,30.6,22.7,63.0,0.0,,240.0,11.2,,1013.8,,
2005-08-09 19:00:00-04:00,28.9,23.3,72.0,0.0,,240.0,9.4,,1013.7,,
2005-08-09 20:00:00-04:00,28.3,23.9,77.0,0.0,,260.0,9.4,,1014.2,,
2005-08-09 21:00:00-04:00,27.2,23.9,82.0,0.0,,0.0,0.0,,1014.5,,
2005-08-09 22:00:00-04:00,26.1,24.0,88.0,0.0,,0.0,0.0,,1014.7,,
2005-08-09 23:00:00-04:00,26.1,22.8,82.0,0.0,,350.0,13.0,,1015.8,,
2005-08-10 00:00:00-04:00,25.6,22.3,82.0,0.0,,80.0,7.6,,1015.7,,
2005-08-10 01:00:00-04:00,25.6,22.3,82.0,0.0,,80.0,9.4,,1015.2,,
2005-08-10 02:00:00-04:00,25.0,22.1,84.0,0.0,,150.0,7.6,,1014.4,,
2005-08-10 03:00:00-04:00,23.9,22.2,90.0,0.0,,0.0,0.0,,1014.4,,
2005-08-10 04:00:00-04:00,24.4,22.3,88.0,0.0,,0.0,0.0,,1014.7,,
2005-08-10 05:00:00-04:00,23.9,22.2,90.0,0.0,,320.0,9.4,,1015.3,,
2005-08-10 06:00:00-04:00,23.3,21.7,91.0,0.0,,0.0,0.0,,1015.4,,
2005-08-10 07:00:00-04:00,23.3,21.7,91.0,0.0,,40.0,7.6,,1015.7,,
2005-08-10 08:00:00-04:00,23.9,21.8,88.0,0.0,,0.0,0.0,,1016.1,,
2005-08-10 09:00:00-04:00,25.6,22.3,82.0,0.0,,10.0,5.4,,1016.1,,
2005-08-10 10:00:00-04:00,27.2,22.2,74.0,0.0,,0.0,0.0,,1016.3,,
2005-08-10 11:00:00-04:00,28.9,22.9,70.0,0.0,,0.0,0.0,,1016.8,,
2005-08-10 12:00:00-04:00,31.1,23.2,63.0,0.0,,350.0,11.2,,1016.9,,
2005-08-10 13:00:00-04:00,30.6,23.3,65.0,0.0,,,7.6,,1016.5,,
2005-08-10 14:00:00-04:00,31.7,22.7,59.0,0.0,,340.0,7.6,,1016.1,,
2005-08-10 15:00:00-04:00,32.8,22.8,56.0,0.0,,360.0,9.4,,1015.3,,
2005-08-10 16:00:00-04:00,32.8,21.6,52.0,0.0,,0.0,0.0,,1014.4,,
2005-08-10 17:00:00-04:00,32.8,22.2,54.0,0.0,,280.0,9.4,,1014.1,,
2005-08-10 18:00:00-04:00,32.2,24.0,62.0,0.0,,150.0,14.8,,1014.1,,
2005-08-10 19:00:00-04:00,31.1,24.5,68.0,0.0,,180.0,16.6,,1013.8,,
2005-08-10 20:00:00-04:00,28.3,22.8,72.0,0.0,,220.0,16.6,,1015.0,,
2005-08-10 21:00:00-04:00,23.9,22.2,90.0,7.6,,40.0,18.4,,1016.1,,
2005-08-10 22:00:00-04:00,23.9,22.2,90.0,0.3,,300.0,7.6,,1016.1,,
2005-08-10 23:00:00-04:00,23.9,22.2,90.0,0.3,,270.0,5.4,,1016.7,,
2005-08-11 00:00:00-04:00,23.9,22.2,90.0,,,0.0,0.0,,1017.3,,
2005-08-11 01:00:00-04:00,23.9,22.2,90.0,0.3,,0.0,0.0,,1015.7,,
2005-08-11 02:00:00-04:00,23.9,22.2,90.0,0.0,,0.0,0.0,,1015.3,,
2005-08-11 03:00:00-04:00,23.9,22.2,90.0,0.0,,0.0,0.0,,1015.2,,
2005-08-11 04:00:00-04:00,23.3,22.3,94.0,0.0,,320.0,5.4,,1015.4,,
2005-08-11 05:00:00-04:00,23.3,22.3,94.0,0.0,,0.0,0.0,,1015.6,,
2005-08-11 06:00:00-04:00,22.8,21.8,94.0,0.0,,360.0,7.6,,1015.6,,
2005-08-11 07:00:00-04:00,23.3,22.3,94.0,0.0,,340.0,9.4,,1016.3,,
2005-08-11 08:00:00-04:00,23.3,22.3,94.0,0.0,,20.0,7.6,,1016.7,,
2005-08-11 09:00:00-04:00,23.9,22.2,90.0,0.0,,360.0,7.6,,1017.7,,
2005-08-11 10:00:00-04:00,24.4,22.3,88.0,0.0,,20.0,7.6,,1017.9,,
2005-08-11 11:00:00-04:00,25.0,22.1,84.0,0.0,,340.0,9.4,,1018.1,,
2005-08-11 12:00:00-04:00,27.2,22.8,77.0,0.0,,,5.4,,1018.2,,
2005-08-11 13:00:00-04:00,28.9,22.9,70.0,0.0,,0.0,0.0,,1017.9,,
2005-08-11 14:00:00-04:00,30.0,22.7,65.0,0.0,,30.0,11.2,,1017.5,,
2005-08-11 15:00:00-04:00,31.1,23.2,63.0,0.0,,40.0,9.4,,1016.9,,
2005-08-11 16:00:00-04:00,30.6,22.2,61.0,0.0,,40.0,11.2,,1016.2,,
2005-08-11 17:00:00-04:00,31.7,22.7,59.0,0.0,,,7.6,,1015.4,,
2005-08-11 18:00:00-04:00,30.6,22.2,61.0,0.0,,20.0,5.4,,1015.7,,
2005-08-11 19:00:00-04:00,30.6,22.7,63.0,0.0,,0.0,0.0,,1015.5,,
2005-08-11 20:00:00-04:00,28.3,23.9,77.0,0.0,,200.0,11.2,,1015.4,,
2005-08-11 21:00:00-04:00,27.2,23.9,82.0,0.0,,270.0,5.4,,1015.6,,
2005-08-11 22:00:00-04:00,26.1,23.4,85.0,0.0,,270.0,5.4,,1015.9,,
2005-08-11 23:00:00-04:00,26.1,23.4,85.0,0.0,,0.0,0.0,,1016.3,,
2005-08-12 00:00:00-04:00,25.6,23.3,87.0,0.0,,0.0,0.0,,1016.4,,
2005-08-12 01:00:00-04:00,25.6,23.3,87.0,0.0,,0.0,0.0,,1016.5,,
2005-08-12 02:00:00-04:00,25.0,23.2,90.0,0.0,,0.0,0.0,,1016.2,,
2005-08-12 03:00:00-04:00,24.4,22.8,91.0,0.0,,0.0,0.0,,1016.0,,
2005-08-12 04:00:00-04:00,24.4,22.8,91.0,0.0,,0.0,0.0,,1016.0,,
2005-08-12 05:00:00-04:00,24.4,22.8,91.0,0.0,,0.0,0.0,,1016.0,,
2005-08-12 06:00:00-04:00,24.4,23.4,94.0,0.0,,0.0,0.0,,1016.6,,
2005-08-12 07:00:00-04:00,24.4,23.4,94.0,0.0,,0.0,0.0,,1016.8,,
2005-08-12 08:00:00-04:00,25.0,23.2,90.0,,,0.0,0.0,,1017.2,,
2005-08-12 09:00:00-04:00,25.6,23.8,90.0,0.3,,0.0,0.0,,1018.1,,
2005-08-12 10:00:00-04:00,26.1,24.0,88.0,0.3,,350.0,5.4,,1018.6,,
2005-08-12 11:00:00-04:00,26.7,24.0,85.0,,,40.0,9.4,,1018.5,,
2005-08-12 12:00:00-04:00,28.3,22.8,72.0,,,30.0,7.6,,1018.5,,
2005-08-12 13:00:00-04:00,30.6,20.5,55.0,0.0,,0.0,0.0,,1017.9,,
2005-08-12 14:00:00-04:00,31.1,20.1,52.0,0.0,,0.0,0.0,,1017.5,,
2005-08-12 15:00:00-04:00,31.7,20.6,52.0,0.0,,0.0,0.0,,1017.0,,
2005-08-12 16:00:00-04:00,32.2,20.4,50.0,0.0,,,5.4,,1016.9,,
2005-08-12 17:00:00-04:00,32.8,20.0,47.0,0.0,,290.0,5.4,,1016.2,,
2005-08-12 18:00:00-04:00,30.6,21.7,59.0,0.0,,0.0,0.0,,1014.9,,
2005-08-12 19:00:00-04:00,29.4,23.3,70.0,0.0,,170.0,11.2,,1014.8,,
2005-08-12 20:00:00-04:00,28.9,23.3,72.0,0.0,,260.0,5.4,,1015.4,,
2005-08-12 21:00:00-04:00,27.8,23.4,77.0,0.0,,230.0,5.4,,1015.8,,
2005-08-12 22:00:00-04:00,26.1,24.0,88.0,0.0,,0.0,0.0,,1015.8,,
2005-08-12 23:00:00-04:00,26.7,24.0,85.0,0.0,,20.0,7.6,,1017.0,,
2005-08-13 00:00:00-04:00,25.6,21.0,76.0,0.0,,30.0,24.1,,1017.1,,
2005-08-13 01:00:00-04:00,25.0,21.1,79.0,,,150.0,11.2,,1015.9,,
2005-08-13 02:00:00-04:00,24.4,21.1,82.0,0.0,,0.0,0.0,,1015.6,,
2005-08-13 03:00:00-04:00,23.9,21.8,88.0,0.0,,0.0,0.0,,1015.9,,
2005-08-13 04:00:00-04:00,23.9,21.8,88.0,0.0,,0.0,0.0,,1015.9,,
2005-08-13 05:00:00-04:00,23.3,21.7,91.0,0.0,,0.0,0.0,,1016.1,,
2005-08-13 06:00:00-04:00,23.3,21.2,88.0,0.0,,0.0,0.0,,1015.9,,
2005-08-13 07:00:00-04:00,22.8,21.1,90.0,0.0,,0.0,0.0,,1016.2,,
2005-08-13 08:00:00-04:00,23.3,21.7,91.0,0.0,,0.0,0.0,,1016.6,,
2005-08-13 09:00:00-04:00,25.6,22.7,84.0,0.0,,0.0,0.0,,1017.2,,
2005-08-13 10:00:00-04:00,28.3,22.8,72.0,0.0,,0.0,0.0,,1017.5,,
2005-08-13 11:00:00-04:00,30.0,23.2,67.0,0.0,,340.0,11.2,,1017.4,,
2005-08-13 12:00:00-04:00,31.1,22.1,59.0,0.0,,,9.4,,1017.3,,
2005-08-13 13:00:00-04:00,31.7,21.8,56.0,0.0,,,5.4,,1017.2,,
2005-08-13 14:00:00-04:00,31.7,21.2,54.0,0.0,,310.0,7.6,,1016.8,,
2005-08-13 15:00:00-04:00,33.3,21.8,51.0,0.0,,0.0,0.0,,1016.1,,
2005-08-13 16:00:00-04:00,32.2,24.0,62.0,0.0,,130.0,7.6,,1015.4,,
2005-08-13 17:00:00-04:00,32.2,23.2,59.0,0.0,,130.0,18.4,,1014.5,,
2005-08-13 18:00:00-04:00,31.7,23.2,61.0,0.0,,180.0,14.8,,1014.5,,
2005-08-13 19:00:00-04:00,30.6,23.3,65.0,0.0,,210.0,14.8,,1014.4,,
2005-08-13 20:00:00-04:00,28.9,23.3,72.0,0.0,,210.0,11.2,,1014.6,,
2005-08-13 21:00:00-04:00,28.3,23.2,74.0,0.0,,170.0,9.4,,1014.9,,
2005-08-13 22:00:00-04:00,27.2,23.2,79.0,0.0,,140.0,5.4,,1015.9,,
2005-08-13 23:00:00-04:00,27.2,23.2,79.0,0.0,,0.0,0.0,,1016.1,,
2005-08-14 00:00:00-04:00,26.7,23.4,82.0,0.0,,0.0,0.0,,1016.4,,
2005-08-14 01:00:00-04:00,26.1,23.4,85.0,0.0,,0.0,0.0,,1016.0,,
2005-08-14 02:00:00-04:00,25.6,22.7,84.0,0.0,,230.0,7.6,,1015.6,,
2005-08-14 03:00:00-04:00,24.4,22.3,88.0,0.0,,0.0,0.0,,1015.5,,
2005-08-14 04:00:00-04:00,24.4,22.8,91.0,0.0,,0.0,0.0,,1015.8,,
2005-08-14 05:00:00-04:00,24.4,22.8,91.0,0.0,,0.0,0.0,,1015.9,,
2005-08-14 06:00:00-04:00,24.4,22.8,91.0,0.0,,0.0,0.0,,1016.0,,
2005-08-14 07:00:00-04:00,23.9,22.2,90.0,0.0,,290.0,5.4,,1016.4,,
2005-08-14 08:00:00-04:00,24.4,22.8,91.0,0.0,,0.0,0.0,,1017.0,,
2005-08-14 09:00:00-04:00,26.7,24.0,85.0,0.0,,0.0,0.0,,1017.5,,
2005-08-14 10:00:00-04:00,29.4,23.3,70.0,0.0,,320.0,7.6,,1017.9,,
2005-08-14 11:00:00-04:00,30.0,23.2,67.0,0.0,,0.0,0.0,,1018.0,,
2005-08-14 12:00:00-04:00,32.2,22.9,58.0,0.0,,0.0,0.0,,1018.1,,
2005-08-14 13:00:00-04:00,31.7,22.7,59.0,0.0,,0.0,0.0,,1017.8,,
2005-08-14 14:00:00-04:00,32.8,22.2,54.0,0.0,,0.0,0.0,,1017.4,,
2005-08-14 15:00:00-04:00,32.8,22.8,56.0,0.0,,250.0,9.4,,1016.8,,
2005-08-14 16:00:00-04:00,32.2,24.0,62.0,0.0,,110.0,11.2,,1016.5,,
2005-08-14 17:00:00-04:00,31.7,23.2,61.0,0.0,,210.0,14.8,,1016.3,,
2005-08-14 18:00:00-04:00,31.1,23.2,63.0,0.0,,210.0,16.6,,1016.2,,
2005-08-14 19:00:00-04:00,30.0,23.9,70.0,0.0,,210.0,11.2,,1016.3,,
2005-08-14 20:00:00-04:00,28.9,23.8,74.0,0.0,,190.0,13.0,,1016.5,,
2005-08-14 21:00:00-04:00,28.3,23.9,77.0,0.0,,190.0,7.6,,1016.8,,
2005-08-14 22:00:00-04:00,27.8,23.8,79.0,0.0,,240.0,7.6,,1017.5,,
2005-08-14 23:00:00-04:00,26.7,24.0,85.0,0.0,,0.0,0.0,,1018.4,,
2005-08-15 00:00:00-04:00,26.1,24.0,88.0,0.0,,0.0,0.0,,1018.5,,
2005-08-15 01:00:00-04:00,25.6,23.3,87.0,0.0,,0.0,0.0,,1018.5,,
2005-08-15 02:00:00-04:00,25.0,23.2,90.0,0.0,,0.0,0.0,,1017.8,,
2005-08-15 03:00:00-04:00,25.6,23.3,87.0,0.0,,0.0,0.0,,1017.5,,
2005-08-15 04:00:00-04:00,25.0,22.9,88.0,0.0,,270.0,7.6,,1017.1,,
2005-08-15 05:00:00-04:00,24.4,22.8,91.0,0.0,,0.0,0.0,,1017.5,,
2005-08-15 06:00:00-04:00,25.0,22.9,88.0,0.0,,0.0,0.0,,1017.9,,
2005-08-15 07:00:00-04:00,25.0,22.9,88.0,0.0,,0.0,0.0,,1018.6,,
2005-08-15 08:00:00-04:00,24.4,22.8,91.0,0.0,,270.0,7.6,,1019.1,,
2005-08-15 09:00:00-04:00,26.7,24.0,85.0,0.0,,280.0,5.4,,1019.7,,
2005-08-15 10:00:00-04:00,29.4,23.3,70.0,0.0,,0.0,0.0,,1020.2,,
2005-08-15 11:00:00-04:00,31.1,22.7,61.0,0.0,,280.0,7.6,,1020.3,,
2005-08-15 12:00:00-04:00,32.2,23.2,59.0,0.0,,,5.4,,1020.3,,
2005-08-15 13:00:00-04:00,33.3,23.3,56.0,0.0,,,5.4,,1020.2,,
2005-08-15 14:00:00-04:00,33.3,22.7,54.0,0.0,,0.0,0.0,,1019.5,,
2005-08-15 15:00:00-04:00,34.4,22.1,49.0,0.0,,310.0,7.6,,1018.6,,
2005-08-15 16:00:00-04:00,31.1,22.7,61.0,0.0,,190.0,18.4,,1018.0,,
2005-08-15 17:00:00-04:00,27.2,20.5,67.0,0.0,,210.0,22.3,,1018.0,,
2005-08-15 18:00:00-04:00,26.1,19.5,67.0,0.0,,270.0,9.4,,1017.6,,
2005-08-15 19:00:00-04:00,26.7,20.5,69.0,0.0,,90.0,24.1,,1019.0,,
2005-08-15 20:00:00-04:00,26.1,19.5,67.0,0.0,,0.0,0.0,,1018.0,,
2005-08-15 21:00:00-04:00,25.0,20.7,77.0,0.0,,310.0,5.4,,1019.1,,
2005-08-15 22:00:00-04:00,25.0,21.1,79.0,0.0,,0.0,0.0,,1019.3,,
2005-08-15 23:00:00-04:00,24.4,21.7,85.0,0.0,,300.0,9.4,,1019.9,,
2005-08-16 00:00:00-04:00,25.0,21.1,79.0,0.0,,340.0,5.4,,1019.7,,
2005-08-16 01:00:00-04:00,23.0,22.0,94.0,3.6,,100.0,20.5,,1021.3,,
2005-08-16 02:00:00-04:00,23.3,21.2,88.0,4.8,,190.0,7.6,,1019.2,,
2005-08-16 03:00:00-04:00,22.8,21.1,90.0,,,60.0,5.4,,1018.8,,
2005-08-16 04:00:00-04:00,22.8,21.1,90.0,0.0,,330.0,5.4,,1018.3,,
2005-08-16 05:00:00-04:00,22.2,21.2,94.0,0.0,,270.0,7.6,,1018.0,,
2005-08-16 06:00:00-04:00,22.2,21.2,94.0,0.0,,0.0,0.0,,1017.9,,
2005-08-16 07:00:00-04:00,21.7,20.7,94.0,0.0,,0.0,0.0,,1018.3,,
2005-08-16 08:00:00-04:00,22.8,21.8,94.0,0.0,,0.0,0.0,,1019.0,,
2005-08-16 09:00:00-04:00,24.4,22.3,88.0,0.0,,300.0,5.4,,1019.2,,
2005-08-16 10:00:00-04:00,27.2,22.2,74.0,0.0,,300.0,5.4,,1019.5,,
2005-08-16 11:00:00-04:00,28.9,22.9,70.0,0.0,,0.0,0.0,,1020.0,,
2005-08-16 12:00:00-04:00,29.4,22.1,65.0,0.0,,,5.4,,1019.8,,
2005-08-16 13:00:00-04:00,30.6,21.7,59.0,0.0,,0.0,0.0,,1019.6,,
2005-08-16 14:00:00-04:00,31.7,23.2,61.0,0.0,,0.0,0.0,,1019.4,,
2005-08-16 15:00:00-04:00,24.4,22.3,88.0,4.8,,190.0,9.4,,1019.0,,
2005-08-16 16:00:00-04:00,26.1,22.2,79.0,,,130.0,9.4,,1017.7,,
2005-08-16 17:00:00-04:00,27.2,21.7,72.0,0.0,,180.0,5.4,,1017.2,,
2005-08-16 18:00:00-04:00,28.3,22.8,72.0,0.0,,210.0,5.4,,1016.7,,
2005-08-16 19:00:00-04:00,27.8,22.7,74.0,0.0,,290.0,7.6,,1016.9,,
2005-08-16 20:00:00-04:00,27.8,22.3,72.0,0.0,,0.0,0.0,,1017.0,,
2005-08-16 21:00:00-04:00,26.7,23.4,82.0,0.0,,0.0,0.0,,1017.3,,
2005-08-16 22:00:00-04:00,26.1,23.4,85.0,0.0,,0.0,0.0,,1017.8,,
2005-08-16 23:00:00-04:00,25.6,23.3,87.0,0.0,,0.0,0.0,,1018.2,,
2005-08-17 00:00:00-04:00,25.6,23.3,87.0,0.0,,0.0,0.0,,1017.8,,
2005-08-17 01:00:00-04:00,25.6,23.3,87.0,0.0,,160.0,5.4,,1017.6,,
2005-08-17 02:00:00-04:00,25.6,22.7,84.0,0.0,,0.0,0.0,,1017.2,,
2005-08-17 03:00:00-04:00,25.6,23.3,87.0,0.0,,140.0,5.4,,1016.6,,
2005-08-17 04:00:00-04:00,25.6,23.3,87.0,0.0,,0.0,0.0,,1015.7,,
2005-08-17 05:00:00-04:00,25.0,22.9,88.0,0.0,,0.0,0.0,,1015.6,,
2005-08-17 06:00:00-04:00,25.0,23.2,90.0,0.0,,0.0,0.0,,1015.8,,
2005-08-17 07:00:00-04:00,24.4,22.8,91.0,0.0,,0.0,0.0,,1015.8,,
2005-08-17 08:00:00-04:00,24.4,22.8,91.0,0.0,,0.0,0.0,,1016.0,,
2005-08-17 09:00:00-04:00,27.2,23.9,82.0,0.0,,290.0,5.4,,1016.3,,
2005-08-17 10:00:00-04:00,28.9,22.9,70.0,0.0,,310.0,9.4,,1016.1,,
2005-08-17 11:00:00-04:00,30.6,23.3,65.0,0.0,,330.0,7.6,,1016.5,,
2005-08-17 12:00:00-04:00,31.7,23.2,61.0,0.0,,0.0,0.0,,1016.8,,
2005-08-17 13:00:00-04:00,31.7,23.2,61.0,0.0,,0.0,0.0,,1016.5,,
2005-08-17 14:00:00-04:00,32.8,23.4,58.0,0.0,,40.0,9.4,,1015.8,,
2005-08-17 15:00:00-04:00,30.0,23.9,70.0,0.0,,160.0,22.3,,1015.5,,
2005-08-17 16:00:00-04:00,30.6,21.7,59.0,0.0,,210.0,11.2,,1014.1,,
2005-08-17 17:00:00-04:00,29.4,23.3,70.0,0.0,,330.0,5.4,,1014.3,,
2005-08-17 18:00:00-04:00,28.3,23.9,77.0,0.0,,0.0,0.0,,1014.5,,
2005-08-17 19:00:00-04:00,28.9,22.1,67.0,0.0,,0.0,0.0,,1014.2,,
2005-08-17 20:00:00-04:00,27.8,23.4,77.0,0.0,,0.0,0.0,,1014.3,,
2005-08-17 21:00:00-04:00,27.2,22.8,77.0,0.0,,200.0,5.4,,1014.6,,
2005-08-17 22:00:00-04:00,25.6,23.3,87.0,0.0,,0.0,0.0,,1015.2,,
2005-08-17 23:00:00-04:00,25.6,23.8,90.0,0.0,,0.0,0.0,,1015.6,,
2005-08-18 00:00:00-04:00,25.0,23.2,90.0,0.0,,0.0,0.0,,1015.5,,
2005-08-18 01:00:00-04:00,25.6,22.7,84.0,0.0,,0.0,0.0,,1015.3,,
2005-08-18 02:00:00-04:00,24.4,22.8,91.0,0.0,,0.0,0.0,,1014.8,,
2005-08-18 03:00:00-04:00,25.0,22.9,88.0,0.0,,0.0,0.0,,1014.9,,
2005-08-18 04:00:00-04:00,23.9,22.2,90.0,0.0,,310.0,5.4,,1015.1,,
2005-08-18 05:00:00-04:00,23.9,22.2,90.0,0.0,,0.0,0.0,,1015.2,,
2005-08-18 06:00:00-04:00,24.4,22.3,88.0,0.0,,0.0,0.0,,1015.0,,
2005-08-18 07:00:00-04:00,23.9,22.2,90.0,0.0,,0.0,0.0,,1015.3,,
2005-08-18 08:00:00-04:00,24.4,22.8,91.0,0.0,,0.0,0.0,,1015.8,,
2005-08-18 09:00:00-04:00,27.2,22.8,77.0,0.0,,0.0,0.0,,1016.2,,
2005-08-18 10:00:00-04:00,28.9,23.8,74.0,0.0,,270.0,9.4,,1016.4,,
2005-08-18 11:00:00-04:00,30.6,22.7,63.0,0.0,,280.0,9.4,,1016.6,,
2005-08-18 12:00:00-04:00,31.7,22.7,59.0,0.0,,290.0,9.4,,1016.8,,
2005-08-18 13:00:00-04:00,32.2,22.9,58.0,0.0,,0.0,0.0,,1016.6,,
2005-08-18 14:00:00-04:00,32.2,22.3,56.0,0.0,,0.0,0.0,,1016.2,,
2005-08-18 15:00:00-04:00,33.3,22.7,54.0,0.0,,310.0,5.4,,1015.9,,
2005-08-18 16:00:00-04:00,32.2,23.2,59.0,0.0,,190.0,14.8,,1015.3,,
2005-08-18 17:00:00-04:00,30.0,23.2,67.0,,,70.0,13.0,,1015.1,,
2005-08-18 18:00:00-04:00,32.2,24.0,62.0,,,200.0,16.6,,1014.5,,
2005-08-18 19:00:00-04:00,31.1,22.7,61.0,0.0,,190.0,14.8,,1014.5,,
2005-08-18 20:00:00-04:00,29.4,23.3,70.0,0.0,,200.0,11.2,,1014.8,,
2005-08-18 21:00:00-04:00,28.3,23.2,74.0,0.0,,210.0,5.4,,1015.8,,
2005-08-18 22:00:00-04:00,27.8,23.4,77.0,0.0,,180.0,7.6,,1016.3,,
2005-08-18 23:00:00-04:00,27.2,23.2,79.0,0.0,,190.0,5.4,,1016.3,,
2005-08-19 00:00:00-04:00,26.7,23.4,82.0,0.0,,210.0,9.4,,1016.2,,
2005-08-19 01:00:00-04:00,26.7,23.4,82.0,0.0,,0.0,0.0,,1016.3,,
2005-08-19 02:00:00-04:00,26.1,23.4,85.0,0.0,,0.0,0.0,,1016.4,,
2005-08-19 03:00:00-04:00,25.6,23.3,87.0,0.0,,0.0,0.0,,1016.2,,
2005-08-19 04:00:00-04:00,25.6,22.7,84.0,0.0,,180.0,5.4,,1016.0,,
2005-08-19 05:00:00-04:00,25.6,22.7,84.0,0.0,,200.0,9.4,,1015.9,,
2005-08-19 06:00:00-04:00,25.0,22.9,88.0,0.0,,0.0,0.0,,1016.4,,
2005-08-19 07:00:00-04:00,24.4,22.8,91.0,0.0,,0.0,0.0,,1017.0,,
2005-08-19 08:00:00-04:00,24.4,22.8,91.0,0.0,,0.0,0.0,,1017.8,,
2005-08-19 09:00:00-04:00,27.2,23.9,82.0,0.0,,0.0,0.0,,1018.6,,
2005-08-19 10:00:00-04:00,28.9,23.8,74.0,0.0,,360.0,9.4,,1019.1,,
2005-08-19 11:00:00-04:00,31.1,24.0,66.0,0.0,,330.0,11.2,,1019.5,,
2005-08-19 12:00:00-04:00,31.1,23.2,63.0,0.0,,280.0,7.6,,1019.4,,
2005-08-19 13:00:00-04:00,32.2,22.9,58.0,0.0,,0.0,0.0,,1019.2,,
2005-08-19 14:00:00-04:00,33.3,23.3,56.0,0.0,,330.0,7.6,,1018.7,,
2005-08-19 15:00:00-04:00,33.9,23.3,54.0,0.0,,,5.4,,1018.1,,
2005-08-19 16:00:00-04:00,33.9,21.7,49.0,0.0,,0.0,0.0,,1017.5,,
2005-08-19 17:00:00-04:00,32.8,24.0,60.0,0.0,,210.0,16.6,,1016.8,,
2005-08-19 18:00:00-04:00,32.2,23.2,59.0,0.0,,210.0,14.8,,1016.9,,
2005-08-19 19:00:00-04:00,31.7,23.2,61.0,0.0,,220.0,18.4,,1016.8,,
2005-08-19 20:00:00-04:00,30.6,23.3,65.0,0.0,,190.0,11.2,,1017.0,,
2005-08-19 21:00:00-04:00,29.4,23.8,72.0,0.0,,180.0,9.4,,1017.2,,
2005-08-19 22:00:00-04:00,28.3,23.9,77.0,0.0,,170.0,9.4,,1018.1,,
2005-08-19 23:00:00-04:00,27.8,23.8,79.0,0.0,,210.0,7.6,,1018.5,,
2005-08-20 00:00:00-04:00,27.2,23.9,82.0,0.0,,220.0,5.4,,1018.1,,
2005-08-20 01:00:00-04:00,27.2,23.9,82.0,0.0,,240.0,5.4,,1018.2,,
2005-08-20 02:00:00-04:00,26.1,24.0,88.0,0.0,,0.0,0.0,,1017.7,,
2005-08-20 03:00:00-04:00,25.6,23.3,87.0,0.0,,0.0,0.0,,1017.8,,
2005-08-20 04:00:00-04:00,25.6,23.3,87.0,0.0,,0.0,0.0,,1017.8,,
2005-08-20 05:00:00-04:00,26.1,23.4,85.0,0.0,,0.0,0.0,,1017.9,,
2005-08-20 06:00:00-04:00,25.0,23.2,90.0,0.0,,330.0,5.4,,1018.4,,
2005-08-20 07:00:00-04:00,25.6,23.8,90.0,0.0,,0.0,0.0,,1019.1,,
2005-08-20 08:00:00-04:00,25.0,23.2,90.0,0.0,,340.0,5.4,,1019.8,,
2005-08-20 09:00:00-04:00,27.8,25.0,85.0,0.0,,340.0,7.6,,1020.4,,
2005-08-20 10:00:00-04:00,30.0,24.4,72.0,0.0,,320.0,9.4,,1020.6,,
2005-08-20 11:00:00-04:00,31.7,25.0,68.0,0.0,,350.0,14.8,,1020.5,,
2005-08-20 12:00:00-04:00,32.8,23.4,58.0,0.0,,30.0,11.2,,1020.5,,
2005-08-20 13:00:00-04:00,32.2,23.2,59.0,0.0,,0.0,0.0,,1019.9,,
2005-08-20 14:00:00-04:00,33.9,22.6,52.0,0.0,,,5.4,,1019.3,,
2005-08-20 15:00:00-04:00,34.4,22.8,51.0,0.0,,340.0,5.4,,1018.4,,
2005-08-20 16:00:00-04:00,35.6,22.9,48.0,0.0,,0.0,0.0,,1017.6,,
2005-08-20 17:00:00-04:00,31.7,22.7,59.0,0.0,,10.0,27.7,,1017.5,,
2005-08-20 18:00:00-04:00,26.1,22.2,79.0,2.5,,0.0,0.0,,1017.4,,
2005-08-20 19:00:00-04:00,26.7,22.7,79.0,,,190.0,9.4,,1017.4,,
2005-08-20 20:00:00-04:00,26.7,22.7,79.0,0.0,,240.0,5.4,,1017.7,,
2005-08-20 21:00:00-04:00,26.1,22.2,79.0,0.0,,250.0,7.6,,1017.7,,
2005-08-20 22:00:00-04:00,25.6,22.7,84.0,0.0,,0.0,0.0,,1018.5,,
2005-08-20 23:00:00-04:00,26.1,23.4,85.0,0.0,,0.0,0.0,,1018.3,,
2005-08-21 00:00:00-04:00,26.1,23.4,85.0,0.0,,0.0,0.0,,1018.3,,
2005-08-21 01:00:00-04:00,25.6,22.7,84.0,0.0,,0.0,0.0,,1018.1,,
2005-08-21 02:00:00-04:00,25.0,22.9,88.0,0.0,,0.0,0.0,,1018.1,,
2005-08-21 03:00:00-04:00,25.0,22.9,88.0,0.0,,290.0,7.6,,1017.9,,
2005-08-21 04:00:00-04:00,24.4,22.8,91.0,0.0,,0.0,0.0,,1017.3,,
2005-08-21 05:00:00-04:00,24.4,22.8,91.0,0.0,,0.0,0.0,,1016.9,,
2005-08-21 06:00:00-04:00,24.4,22.8,91.0,0.0,,0.0,0.0,,1016.8,,
2005-08-21 07:00:00-04:00,23.9,22.2,90.0,0.0,,300.0,5.4,,1016.9,,
2005-08-21 08:00:00-04:00,23.9,22.2,90.0,0.0,,0.0,0.0,,1017.6,,
2005-08-21 09:00:00-04:00,26.7,23.4,82.0,0.0,,320.0,7.6,,1018.0,,
2005-08-21 10:00:00-04:00,28.9,23.3,72.0,0.0,,310.0,7.6,,1018.0,,
2005-08-21 11:00:00-04:00,31.1,23.2,63.0,0.0,,300.0,9.4,,1017.9,,
2005-08-21 12:00:00-04:00,32.8,23.4,58.0,0.0,,340.0,14.8,,1017.8,,
2005-08-21 13:00:00-04:00,32.8,23.4,58.0,0.0,,340.0,11.2,,1017.7,,
2005-08-21 14:00:00-04:00,33.9,23.9,56.0,0.0,,350.0,11.2,,1017.2,,
2005-08-21 15:00:00-04:00,34.4,23.1,52.0,0.0,,100.0,7.6,,1016.4,,
2005-08-21 16:00:00-04:00,33.3,23.3,56.0,0.0,,0.0,0.0,,1015.0,,
2005-08-21 17:00:00-04:00,33.3,24.5,60.0,0.0,,180.0,16.6,,1014.2,,
2005-08-21 18:00:00-04:00,33.3,23.3,56.0,0.0,,0.0,0.0,,1014.2,,
2005-08-21 19:00:00-04:00,26.1,22.2,79.0,3.6,,170.0,18.4,,1015.0,,
2005-08-21 20:00:00-04:00,25.6,22.3,82.0,,,280.0,11.2,,1014.7,,
2005-08-21 21:00:00-04:00,26.7,24.0,85.0,0.0,,90.0,5.4,,1014.8,,
2005-08-21 22:00:00-04:00,26.1,24.0,88.0,0.0,,160.0,11.2,,1015.3,,
2005-08-21 23:00:00-04:00,25.6,23.3,87.0,0.0,,0.0,0.0,,1015.0,,
2005-08-22 00:00:00-04:00,25.0,23.2,90.0,0.0,,340.0,11.2,,1015.5,,
2005-08-22 01:00:00-04:00,25.0,22.9,88.0,0.0,,300.0,7.6,,1015.3,,
2005-08-22 02:00:00-04:00,24.4,22.3,88.0,0.0,,300.0,7.6,,1014.8,,
2005-08-22 03:00:00-04:00,24.4,22.3,88.0,0.0,,310.0,7.6,,1013.7,,
2005-08-22 04:00:00-04:00,24.4,21.7,85.0,0.0,,330.0,5.4,,1013.5,,
2005-08-22 05:00:00-04:00,23.9,22.2,90.0,0.0,,0.0,0.0,,1013.2,,
2005-08-22 06:00:00-04:00,23.9,21.8,88.0,0.0,,0.0,0.0,,1013.1,,
2005-08-22 07:00:00-04:00,23.9,21.8,88.0,0.0,,0.0,0.0,,1013.1,,
2005-08-22 08:00:00-04:00,23.3,22.3,94.0,0.0,,0.0,0.0,,1013.5,,
2005-08-22 09:00:00-04:00,25.6,22.3,82.0,0.0,,340.0,5.4,,1014.1,,
2005-08-22 10:00:00-04:00,27.2,22.2,74.0,0.0,,0.0,0.0,,1014.4,,
2005-08-22 11:00:00-04:00,28.9,23.3,72.0,0.0,,30.0,11.2,,1014.6,,
2005-08-22 12:00:00-04:00,30.6,24.5,70.0,0.0,,130.0,7.6,,1014.6,,
2005-08-22 13:00:00-04:00,32.2,24.0,62.0,0.0,,0.0,0.0,,1014.2,,
2005-08-22 14:00:00-04:00,33.3,23.9,58.0,0.0,,,5.4,,1013.6,,
2005-08-22 15:00:00-04:00,33.9,23.3,54.0,0.0,,0.0,0.0,,1012.6,,
2005-08-22 16:00:00-04:00,34.4,24.3,56.0,0.0,,,9.4,,1011.5,,
2005-08-22 17:00:00-04:00,32.8,24.0,60.0,0.0,,150.0,14.8,,1010.9,,
2005-08-22 18:00:00-04:00,23.9,22.2,90.0,2.5,,330.0,14.8,,1011.9,,
2005-08-22 19:00:00-04:00,23.9,22.2,90.0,5.1,,280.0,7.6,,1011.4,,
2005-08-22 20:00:00-04:00,25.0,22.9,88.0,,,0.0,0.0,,1011.4,,
2005-08-22 21:00:00-04:00,25.0,23.2,90.0,,,0.0,0.0,,1011.4,,
2005-08-22 22:00:00-04:00,25.6,23.3,87.0,0.0,,0.0,0.0,,1012.5,,
2005-08-22 23:00:00-04:00,24.4,22.3,88.0,0.0,,10.0,16.6,,1014.4,,
2005-08-23 00:00:00-04:00,24.4,22.8,91.0,0.0,,30.0,11.2,,1014.2,,
2005-08-23 01:00:00-04:00,23.9,21.8,88.0,0.0,,40.0,7.6,,1013.3,,
2005-08-23 02:00:00-04:00,23.9,22.2,90.0,0.0,,170.0,14.8,,1011.7,,
2005-08-23 03:00:00-04:00,23.9,22.2,90.0,0.0,,210.0,7.6,,1011.2,,
2005-08-23 04:00:00-04:00,23.9,22.2,90.0,0.0,,0.0,0.0,,1011.3,,
2005-08-23 05:00:00-04:00,23.9,22.2,90.0,0.0,,30.0,9.4,,1011.4,,
2005-08-23 06:00:00-04:00,23.3,22.3,94.0,0.0,,50.0,9.4,,1011.3,,
2005-08-23 07:00:00-04:00,23.3,21.7,91.0,0.0,,320.0,5.4,,1012.4,,
2005-08-23 08:00:00-04:00,23.9,22.2,90.0,0.0,,360.0,5.4,,1012.9,,
2005-08-23 09:00:00-04:00,24.4,22.3,88.0,0.0,,40.0,11.2,,1013.2,,
2005-08-23 10:00:00-04:00,25.0,22.1,84.0,0.0,,50.0,11.2,,1013.5,,
2005-08-23 11:00:00-04:00,27.2,22.8,77.0,0.0,,,9.4,,1013.9,,
2005-08-23 12:00:00-04:00,28.9,23.3,72.0,0.0,,40.0,9.4,,1013.8,,
2005-08-23 13:00:00-04:00,30.6,23.3,65.0,0.0,,340.0,9.4,,1013.7,,
2005-08-23 14:00:00-04:00,31.7,23.2,61.0,0.0,,0.0,0.0,,1013.3,,
2005-08-23 15:00:00-04:00,32.2,22.9,58.0,0.0,,60.0,7.6,,1012.9,,
2005-08-23 16:00:00-04:00,32.2,22.9,58.0,0.0,,50.0,9.4,,1012.1,,
2005-08-23 17:00:00-04:00,32.2,22.9,58.0,0.0,,0.0,0.0,,1011.5,,
2005-08-23 18:00:00-04:00,32.2,22.9,58.0,0.0,,50.0,9.4,,1011.3,,
2005-08-23 19:00:00-04:00,32.2,22.3,56.0,0.0,,10.0,5.4,,1011.5,,
2005-08-23 20:00:00-04:00,28.9,23.3,72.0,0.0,,210.0,9.4,,1011.7,,
2005-08-23 21:00:00-04:00,23.9,21.8,88.0,6.4,,300.0,9.4,,1012.3,,
2005-08-23 22:00:00-04:00,24.4,21.7,85.0,0.5,,20.0,7.6,,1012.9,,
2005-08-23 23:00:00-04:00,25.0,21.1,79.0,,,60.0,5.4,,1012.7,,
2005-08-24 00:00:00-04:00,25.0,22.1,84.0,0.0,,0.0,0.0,,1012.5,,
2005-08-24 01:00:00-04:00,24.4,22.8,91.0,0.0,,0.0,0.0,,1013.1,,
2005-08-24 02:00:00-04:00,24.4,22.3,88.0,0.0,,0.0,0.0,,1013.0,,
2005-08-24 03:00:00-04:00,24.4,22.3,88.0,0.0,,0.0,0.0,,1012.2,,
2005-08-24 04:00:00-04:00,23.9,22.2,90.0,0.0,,10.0,5.4,,1012.5,,
2005-08-24 05:00:00-04:00,24.4,22.3,88.0,0.0,,0.0,0.0,,1012.3,,
2005-08-24 06:00:00-04:00,24.4,21.7,85.0,0.0,,0.0,0.0,,1012.4,,
2005-08-24 07:00:00-04:00,24.4,21.7,85.0,0.0,,0.0,0.0,,1013.4,,
2005-08-24 08:00:00-04:00,24.4,21.7,85.0,0.0,,0.0,0.0,,1013.8,,
2005-08-24 09:00:00-04:00,26.7,22.7,79.0,0.0,,0.0,0.0,,1014.0,,
2005-08-24 10:00:00-04:00,28.3,23.2,74.0,0.0,,0.0,0.0,,1014.2,,
2005-08-24 11:00:00-04:00,31.1,24.0,66.0,0.0,,,5.4,,1014.7,,
2005-08-24 12:00:00-04:00,31.7,23.8,63.0,0.0,,70.0,7.6,,1015.3,,
2005-08-24 13:00:00-04:00,32.2,24.0,62.0,0.0,,,5.4,,1015.1,,
2005-08-24 14:00:00-04:00,33.3,23.9,58.0,0.0,,20.0,11.2,,1014.6,,
2005-08-24 15:00:00-04:00,33.9,24.5,58.0,0.0,,,7.6,,1013.6,,
2005-08-24 16:00:00-04:00,32.2,22.9,58.0,0.0,,90.0,14.8,,1013.7,,
2005-08-24 17:00:00-04:00,26.1,23.4,85.0,0.8,,160.0,14.8,,1014.4,,
2005-08-24 18:00:00-04:00,26.7,22.1,76.0,0.5,,0.0,0.0,,1014.6,,
2005-08-24 19:00:00-04:00,27.8,23.4,77.0,,,0.0,0.0,,1013.9,,
2005-08-24 20:00:00-04:00,27.8,23.8,79.0,,,0.0,0.0,,1014.2,,
2005-08-24 21:00:00-04:00,26.1,24.3,90.0,0.0,,280.0,5.4,,1014.8,,
2005-08-24 22:00:00-04:00,26.1,24.0,88.0,0.0,,0.0,0.0,,1015.5,,
2005-08-24 23:00:00-04:00,26.1,24.0,88.0,0.0,,0.0,0.0,,1016.0,,
2005-08-25 00:00:00-04:00,25.0,23.2,90.0,0.0,,340.0,5.4,,1016.2,,
2005-08-25 01:00:00-04:00,25.0,23.2,90.0,0.0,,0.0,0.0,,1016.0,,
2005-08-25 02:00:00-04:00,25.0,23.2,90.0,0.0,,0.0,0.0,,1015.9,,
2005-08-25 03:00:00-04:00,25.0,23.2,90.0,0.0,,0.0,0.0,,1015.6,,
2005-08-25 04:00:00-04:00,24.4,22.8,91.0,0.0,,0.0,0.0,,1015.3,,
2005-08-25 05:00:00-04:00,24.4,22.8,91.0,0.0,,0.0,0.0,,1015.5,,
2005-08-25 06:00:00-04:00,23.9,22.2,90.0,0.0,,0.0,0.0,,1015.8,,
2005-08-25 07:00:00-04:00,24.4,22.8,91.0,0.0,,0.0,0.0,,1016.4,,
2005-08-25 08:00:00-04:00,25.0,22.9,88.0,0.0,,20.0,5.4,,1017.0,,
2005-08-25 09:00:00-04:00,26.1,24.0,88.0,0.0,,50.0,9.4,,1017.1,,
2005-08-25 10:00:00-04:00,28.3,23.9,77.0,0.0,,50.0,13.0,,1017.3,,
2005-08-25 11:00:00-04:00,30.6,24.0,68.0,0.0,,80.0,7.6,,1017.7,,
2005-08-25 12:00:00-04:00,31.7,23.8,63.0,0.0,,70.0,9.4,,1017.7,,
2005-08-25 13:00:00-04:00,32.8,23.4,58.0,0.0,,80.0,9.4,,1017.6,,
2005-08-25 14:00:00-04:00,33.3,22.7,54.0,0.0,,110.0,13.0,,1016.9,,
2005-08-25 15:00:00-04:00,32.8,22.2,54.0,0.0,,0.0,0.0,,1016.1,,
2005-08-25 16:00:00-04:00,33.9,22.6,52.0,0.0,,100.0,7.6,,1015.4,,
2005-08-25 17:00:00-04:00,33.3,22.7,54.0,0.0,,0.0,0.0,,1014.8,,
2005-08-25 18:00:00-04:00,32.8,22.2,54.0,0.0,,120.0,7.6,,1014.9,,
2005-08-25 19:00:00-04:00,24.0,24.0,100.0,,,160.0,9.4,,1016.5,,
2005-08-25 20:00:00-04:00,25.6,24.4,93.0,1.3,,130.0,7.6,,1016.4,,
2005-08-25 21:00:00-04:00,25.6,24.9,96.0,0.8,,0.0,0.0,,1016.2,,
2005-08-25 22:00:00-04:00,25.0,24.3,96.0,0.0,,0.0,0.0,,1016.2,,
2005-08-25 23:00:00-04:00,25.0,24.3,96.0,0.0,,10.0,7.6,,1016.7,,
2005-08-26 00:00:00-04:00,25.0,23.2,90.0,0.0,,0.0,0.0,,1016.3,,
2005-08-26 01:00:00-04:00,25.0,23.2,90.0,0.0,,40.0,9.4,,1015.7,,
2005-08-26 02:00:00-04:00,25.0,23.2,90.0,0.0,,30.0,7.6,,1015.5,,
2005-08-26 03:00:00-04:00,25.0,23.2,90.0,0.0,,50.0,5.4,,1015.0,,
2005-08-26 04:00:00-04:00,24.4,22.8,91.0,0.0,,50.0,7.6,,1014.9,,
2005-08-26 05:00:00-04:00,24.4,22.8,91.0,0.0,,50.0,7.6,,1014.9,,
2005-08-26 06:00:00-04:00,24.4,22.8,91.0,0.0,,70.0,9.4,,1014.7,,
2005-08-26 07:00:00-04:00,24.4,22.3,88.0,0.0,,60.0,14.8,,1015.2,,
2005-08-26 08:00:00-04:00,23.9,22.2,90.0,0.0,,80.0,11.2,,1015.3,,
2005-08-26 09:00:00-04:00,24.4,22.3,88.0,0.0,,60.0,14.8,,1015.9,,
2005-08-26 10:00:00-04:00,26.1,22.2,79.0,0.0,,60.0,16.6,,1015.7,,
2005-08-26 11:00:00-04:00,27.2,22.2,74.0,0.0,,70.0,13.0,,1015.5,,
2005-08-26 12:00:00-04:00,28.9,22.1,67.0,0.0,,60.0,13.0,,1015.5,,
2005-08-26 13:00:00-04:00,30.0,22.7,65.0,0.0,,30.0,16.6,,1014.9,,
2005-08-26 14:00:00-04:00,30.6,22.7,63.0,0.0,,50.0,13.0,,1014.1,,
2005-08-26 15:00:00-04:00,31.7,22.7,59.0,0.0,,60.0,13.0,,1013.7,,
2005-08-26 16:00:00-04:00,32.2,22.3,56.0,0.0,,50.0,18.4,,1012.6,,
2005-08-26 17:00:00-04:00,32.2,22.3,56.0,0.0,,60.0,7.6,,1011.9,,
2005-08-26 18:00:00-04:00,31.1,22.1,59.0,0.0,,30.0,16.6,,1011.7,,
2005-08-26 19:00:00-04:00,31.1,22.1,59.0,0.0,,40.0,13.0,,1011.1,,
2005-08-26 20:00:00-04:00,30.0,22.2,63.0,0.0,,20.0,11.2,,1011.0,,
2005-08-26 21:00:00-04:00,28.3,22.8,72.0,0.0,,20.0,9.4,,1011.3,,
2005-08-26 22:00:00-04:00,27.8,22.7,74.0,0.0,,30.0,11.2,,1011.8,,
2005-08-26 23:00:00-04:00,26.7,22.7,79.0,0.0,,60.0,7.6,,1012.0,,
2005-08-27 00:00:00-04:00,26.7,21.7,74.0,0.0,,50.0,11.2,,1011.8,,
2005-08-27 01:00:00-04:00,25.6,21.7,79.0,0.0,,50.0,11.2,,1011.7,,
2005-08-27 02:00:00-04:00,25.0,21.7,82.0,0.0,,50.0,7.6,,1011.1,,
2005-08-27 03:00:00-04:00,25.0,21.7,82.0,0.0,,80.0,9.4,,1010.6,,
2005-08-27 04:00:00-04:00,24.4,21.7,85.0,0.0,,50.0,7.6,,1010.3,,
2005-08-27 05:00:00-04:00,23.9,21.8,88.0,0.0,,70.0,9.4,,1009.8,,
2005-08-27 06:00:00-04:00,23.3,21.2,88.0,0.0,,60.0,5.4,,1010.2,,
2005-08-27 07:00:00-04:00,23.3,21.2,88.0,0.0,,50.0,11.2,,1010.4,,
2005-08-27 08:00:00-04:00,22.8,21.1,90.0,0.0,,40.0,9.4,,1011.0,,
2005-08-27 09:00:00-04:00,24.4,21.1,82.0,0.0,,50.0,14.8,,1011.4,,
2005-08-27 10:00:00-04:00,26.1,21.7,77.0,0.0,,50.0,14.8,,1011.6,,
2005-08-27 11:00:00-04:00,27.8,22.3,72.0,0.0,,60.0,11.2,,1011.9,,
2005-08-27 12:00:00-04:00,28.9,22.9,70.0,0.0,,70.0,9.4,,1011.7,,
2005-08-27 13:00:00-04:00,30.0,22.7,65.0,0.0,,30.0,13.0,,1011.5,,
2005-08-27 14:00:00-04:00,31.1,22.7,61.0,0.0,,20.0,11.2,,1011.0,,
2005-08-27 15:00:00-04:00,31.1,22.1,59.0,0.0,,50.0,13.0,,1010.3,,
2005-08-27 16:00:00-04:00,32.8,22.8,56.0,0.0,,50.0,13.0,,1009.0,,
2005-08-27 17:00:00-04:00,32.2,21.7,54.0,0.0,,40.0,11.2,,1008.5,,
2005-08-27 18:00:00-04:00,32.8,22.2,54.0,0.0,,40.0,14.8,,1008.2,,
2005-08-27 19:00:00-04:00,31.7,22.7,59.0,0.0,,40.0,9.4,,1007.9,,
2005-08-27 20:00:00-04:00,30.6,22.7,63.0,0.0,,30.0,13.0,,1008.2,,
2005-08-27 21:00:00-04:00,29.4,22.9,68.0,0.0,,40.0,11.2,,1008.6,,
2005-08-27 22:00:00-04:00,28.9,23.3,72.0,0.0,,60.0,7.6,,1009.1,,
2005-08-27 23:00:00-04:00,27.8,23.4,77.0,0.0,,50.0,5.4,,1009.5,,
2005-08-28 00:00:00-04:00,27.2,23.2,79.0,0.0,,60.0,7.6,,1009.4,,
2005-08-28 01:00:00-04:00,26.7,22.7,79.0,0.0,,50.0,11.2,,1008.9,,
2005-08-28 02:00:00-04:00,26.1,22.8,82.0,0.0,,50.0,9.4,,1008.0,,
2005-08-28 03:00:00-04:00,25.6,22.7,84.0,0.0,,30.0,11.2,,1007.7,,
2005-08-28 04:00:00-04:00,25.0,22.9,88.0,0.0,,50.0,11.2,,1007.2,,
2005-08-28 05:00:00-04:00,25.0,22.9,88.0,0.0,,40.0,11.2,,1007.0,,
2005-08-28 06:00:00-04:00,25.0,22.1,84.0,0.0,,50.0,9.4,,1007.1,,
2005-08-28 07:00:00-04:00,24.4,22.3,88.0,0.0,,70.0,13.0,,1007.1,,
2005-08-28 08:00:00-04:00,24.4,22.3,88.0,0.0,,50.0,11.2,,1007.8,,
2005-08-28 09:00:00-04:00,26.1,22.8,82.0,0.0,,70.0,14.8,,1007.7,,
2005-08-28 10:00:00-04:00,28.9,22.9,70.0,0.0,,80.0,22.3,,1007.8,,
2005-08-28 11:00:00-04:00,31.1,23.2,63.0,0.0,,100.0,25.9,,1007.8,,
2005-08-28 12:00:00-04:00,31.7,23.2,61.0,0.0,,60.0,31.7,,1007.5,,
2005-08-28 13:00:00-04:00,31.7,22.7,59.0,0.0,,80.0,25.9,,1007.3,,
2005-08-28 14:00:00-04:00,32.2,22.3,56.0,0.0,,90.0,29.5,,1006.9,,
2005-08-28 15:00:00-04:00,32.2,22.9,58.0,0.0,,80.0,20.5,,1006.1,,
2005-08-28 16:00:00-04:00,31.7,22.1,57.0,,,70.0,25.9,,1005.3,,
2005-08-28 17:00:00-04:00,31.1,22.7,61.0,,,60.0,27.7,,1004.9,,
2005-08-28 18:00:00-04:00,26.7,24.0,85.0,3.0,,70.0,16.6,,1005.1,,
2005-08-28 19:00:00-04:00,26.1,24.0,88.0,,,50.0,20.5,,1004.7,,
2005-08-28 20:00:00-04:00,26.7,23.4,82.0,,,50.0,16.6,,1004.4,,
2005-08-28 21:00:00-04:00,26.7,23.4,82.0,,,60.0,24.1,,1004.6,,
2005-08-28 22:00:00-04:00,25.6,23.8,90.0,2.0,,60.0,22.3,,1004.8,,
2005-08-28 23:00:00-04:00,25.6,23.3,87.0,8.1,,90.0,27.7,,1005.1,,
2005-08-29 00:00:00-04:00,25.6,22.7,84.0,,,60.0,35.3,,1003.8,,
2005-08-29 01:00:00-04:00,25.6,22.7,84.0,,,70.0,35.3,,1003.2,,
2005-08-29 02:00:00-04:00,25.0,22.9,88.0,0.8,,70.0,33.5,,1001.9,,
2005-08-29 03:00:00-04:00,25.0,23.1,89.0,,,60.0,37.1,,999.9,,
2005-08-29 04:00:00-04:00,25.0,23.2,90.0,0.5,,60.0,38.9,,998.3,,
2005-08-29 05:00:00-04:00,25.0,23.2,90.0,3.6,,70.0,42.5,,996.1,,
2005-08-29 06:00:00-04:00,25.0,23.2,90.0,4.8,,80.0,44.6,,994.8,,
2005-08-29 07:00:00-04:00,25.6,23.8,90.0,9.7,,90.0,51.8,,993.1,,
2005-08-29 08:00:00-04:00,25.6,23.8,90.0,11.7,,90.0,63.0,,990.7,,
2005-08-29 09:00:00-04:00,26.1,24.3,90.0,11.4,,130.0,64.8,,989.2,,
2005-08-29 10:00:00-04:00,25.6,24.4,93.0,9.7,,110.0,77.8,,986.5,,
2005-08-29 11:00:00-04:00,26.1,24.3,90.0,5.1,,130.0,87.1,,985.3,,
2005-08-29 12:00:00-04:00,25.0,24.3,96.0,3.0,,130.0,90.7,,984.6,,
2005-08-29 13:00:00-04:00,24.4,,,8.6,,150.0,70.6,,984.3,,
2005-08-29 14:00:00-04:00,25.0,,,1.5,,160.0,72.4,,984.6,,
2005-08-29 15:00:00-04:00,25.0,23.2,90.0,4.6,,180.0,61.2,,986.5,,
2005-08-29 16:00:00-04:00,24.4,,,2.0,,180.0,79.6,,987.9,,
2005-08-29 17:00:00-04:00,25.6,22.7,84.0,1.5,,200.0,72.4,,989.6,,
2005-08-29 18:00:00-04:00,26.7,21.7,74.0,0.3,,210.0,50.0,,991.2,,
2005-08-29 19:00:00-04:00,27.2,21.7,72.0,0.0,,210.0,63.0,,992.6,,
2005-08-29 20:00:00-04:00,26.7,21.0,71.0,0.0,,210.0,46.4,,994.3,,
2005-08-29 21:00:00-04:00,26.7,21.0,71.0,0.0,,220.0,42.5,,996.2,,
2005-08-29 22:00:00-04:00,26.7,21.0,71.0,0.0,,220.0,29.5,,998.0,,
2005-08-29 23:00:00-04:00,26.7,21.0,71.0,0.0,,220.0,35.3,,999.7,,
2005-08-30 00:00:00-04:00,27.2,20.5,67.0,0.0,,220.0,25.9,,1001.3,,
2005-08-30 01:00:00-04:00,26.7,21.0,71.0,0.0,,220.0,25.9,,1001.7,,
2005-08-30 02:00:00-04:00,26.7,21.0,71.0,0.0,,230.0,22.3,,1002.6,,
2005-08-30 03:00:00-04:00,26.1,21.7,77.0,0.0,,220.0,25.9,,1002.6,,
2005-08-30 04:00:00-04:00,25.6,21.0,76.0,0.0,,230.0,18.4,,1003.3,,
2005-08-30 05:00:00-04:00,25.6,21.0,76.0,0.0,,220.0,20.5,,1004.1,,
2005-08-30 06:00:00-04:00,25.0,21.1,79.0,0.0,,240.0,14.8,,1004.8,,
2005-08-30 07:00:00-04:00,24.4,20.5,79.0,0.0,,230.0,11.2,,1005.5,,
2005-08-30 08:00:00-04:00,24.4,21.1,82.0,0.0,,220.0,14.8,,1006.7,,
2005-08-30 09:00:00-04:00,26.1,21.1,74.0,0.0,,250.0,22.3,,1007.4,,
2005-08-30 10:00:00-04:00,27.8,20.6,65.0,0.0,,240.0,18.4,,1008.0,,
2005-08-30 11:00:00-04:00,28.9,20.6,61.0,0.0,,270.0,18.4,,1008.5,,
2005-08-30 12:00:00-04:00,30.0,21.1,59.0,0.0,,230.0,16.6,,1008.7,,
2005-08-30 13:00:00-04:00,31.7,21.2,54.0,0.0,,250.0,16.6,,1008.4,,
2005-08-30 14:00:00-04:00,32.2,21.1,52.0,0.0,,270.0,24.1,,1008.2,,
2005-08-30 15:00:00-04:00,32.2,21.7,54.0,0.0,,240.0,20.5,,1008.1,,
2005-08-30 16:00:00-04:00,32.8,21.6,52.0,0.0,,220.0,22.3,,1007.6,,
2005-08-30 17:00:00-04:00,32.2,22.3,56.0,0.0,,210.0,20.5,,1007.5,,
2005-08-30 18:00:00-04:00,31.7,21.8,56.0,0.0,,220.0,22.3,,1007.4,,
2005-08-30 19:00:00-04:00,30.0,22.7,65.0,0.0,,190.0,18.4,,1007.8,,
2005-08-30 20:00:00-04:00,28.3,22.8,72.0,0.0,,200.0,16.6,,1008.1,,
2005-08-30 21:00:00-04:00,27.2,22.8,77.0,0.0,,210.0,11.2,,1008.8,,
2005-08-30 22:00:00-04:00,26.7,23.4,82.0,0.0,,210.0,9.4,,1009.4,,
2005-08-30 23:00:00-04:00,26.7,24.0,85.0,0.0,,180.0,5.4,,1009.6,,
2005-08-31 00:00:00-04:00,26.1,24.0,88.0,0.0,,0.0,0.0,,1009.9,,
2005-08-31 01:00:00-04:00,26.1,24.3,90.0,0.0,,190.0,7.6,,1010.1,,
2005-08-31 02:00:00-04:00,26.1,24.3,90.0,0.0,,0.0,0.0,,1009.9,,
2005-08-31 03:00:00-04:00,26.1,24.3,90.0,0.0,,190.0,5.4,,1009.9,,
2005-08-31 04:00:00-04:00,26.1,24.3,90.0,0.0,,0.0,0.0,,1009.8,,
2005-08-31 05:00:00-04:00,25.6,23.8,90.0,0.0,,0.0,0.0,,1009.7,,
2005-08-31 06:00:00-04:00,25.6,24.4,93.0,0.0,,210.0,5.4,,1010.0,,
2005-08-31 07:00:00-04:00,25.6,24.4,93.0,0.0,,230.0,7.6,,1010.6,,
2005-08-31 08:00:00-04:00,25.6,23.8,90.0,0.0,,0.0,0.0,,1011.3,,
2005-08-31 09:00:00-04:00,26.7,24.3,87.0,0.0,,240.0,7.6,,1011.5,,
2005-08-31 10:00:00-04:00,27.8,25.0,85.0,0.0,,290.0,11.2,,1011.8,,
2005-08-31 11:00:00-04:00,28.9,24.5,77.0,0.0,,290.0,9.4,,1012.1,,
2005-08-31 12:00:00-04:00,30.6,24.0,68.0,0.0,,300.0,13.0,,1012.1,,
2005-08-31 13:00:00-04:00,32.2,22.9,58.0,0.0,,280.0,11.2,,1011.9,,
2005-08-31 14:00:00-04:00,31.7,22.7,59.0,0.0,,360.0,7.6,,1011.4,,
2005-08-31 15:00:00-04:00,31.1,25.0,70.0,0.0,,200.0,16.6,,1010.7,,
2005-08-31 16:00:00-04:00,25.6,22.7,84.0,0.0,,120.0,18.4,,1011.0,,
2005-08-31 17:00:00-04:00,27.2,22.2,74.0,0.0,,40.0,7.6,,1011.8,,
2005-08-31 18:00:00-04:00,27.2,22.2,74.0,0.0,,0.0,0.0,,1010.9,,
2005-08-31 19:00:00-04:00,28.3,22.8,72.0,0.0,,0.0,0.0,,1010.8,,
2005-08-31 20:00:00-04:00,27.2,22.8,77.0,0.0,,80.0,7.6,,1011.2,,
2005-08-31 21:00:00-04:00,26.1,22.8,82.0,0.0,,0.0,0.0,,1012.3,,
2005-08-31 22:00:00-04:00,25.6,22.7,84.0,0.0,,0.0,0.0,,1012.9,,
2005-08-31 23:00:00-04:00,25.6,22.7,84.0,0.0,,50.0,5.4,,1013.5,,
2005-09-01 00:00:00-04:00,25.0,22.1,84.0,0.0,,0.0,0.0,,1013.7,,
2005-09-01 01:00:00-04:00,24.4,22.3,88.0,0.0,,0.0,0.0,,1013.4,,
2005-09-01 02:00:00-04:00,23.9,22.2,90.0,0.0,,0.0,0.0,,1013.4,,
2005-09-01 03:00:00-04:00,23.9,21.8,88.0,0.0,,0.0,0.0,,1013.2,,
2005-09-01 04:00:00-04:00,23.3,21.7,91.0,0.0,,350.0,5.4,,1013.0,,
2005-09-01 05:00:00-04:00,23.9,21.8,88.0,0.0,,0.0,0.0,,1013.0,,
2005-09-01 06:00:00-04:00,23.9,21.8,88.0,0.0,,0.0,0.0,,1013.6,,
2005-09-01 07:00:00-04:00,23.3,21.7,91.0,0.0,,0.0,0.0,,1014.3,,
2005-09-01 08:00:00-04:00,23.9,22.2,90.0,0.0,,0.0,0.0,,1015.1,,
2005-09-01 09:00:00-04:00,25.0,22.1,84.0,0.0,,20.0,13.0,,1015.5,,
2005-09-01 10:00:00-04:00,26.7,22.7,79.0,0.0,,10.0,11.2,,1016.1,,
2005-09-01 11:00:00-04:00,28.9,21.1,63.0,0.0,,50.0,11.2,,1016.5,,
2005-09-01 12:00:00-04:00,30.0,20.0,55.0,0.0,,30.0,14.8,,1016.8,,
2005-09-01 13:00:00-04:00,30.6,19.0,50.0,0.0,,50.0,9.4,,1016.5,,
2005-09-01 14:00:00-04:00,32.2,18.7,45.0,0.0,,30.0,14.8,,1015.8,,
2005-09-01 15:00:00-04:00,32.8,16.2,37.0,0.0,,,11.2,,1015.5,,
2005-09-01 16:00:00-04:00,33.3,14.8,33.0,0.0,,360.0,13.0,,1014.7,,
2005-09-01 17:00:00-04:00,32.8,15.7,36.0,0.0,,60.0,11.2,,1014.7,,
2005-09-01 18:00:00-04:00,31.1,17.0,43.0,0.0,,20.0,13.0,,1014.2,,
2005-09-01 19:00:00-04:00,31.7,17.9,44.0,0.0,,10.0,9.4,,1014.2,,
2005-09-01 20:00:00-04:00,28.9,17.7,51.0,0.0,,50.0,11.2,,1014.2,,
2005-09-01 21:00:00-04:00,27.8,18.2,56.0,0.0,,40.0,7.6,,1015.0,,
2005-09-01 22:00:00-04:00,26.1,19.5,67.0,0.0,,20.0,9.4,,1016.1,,
2005-09-01 23:00:00-04:00,25.6,18.8,66.0,0.0,,40.0,11.2,,1016.9,,
2005-09-02 00:00:00-04:00,25.0,18.9,69.0,0.0,,40.0,13.0,,1016.7,,
2005-09-02 01:00:00-04:00,24.4,18.8,71.0,0.0,,40.0,13.0,,1016.7,,
2005-09-02 02:00:00-04:00,23.9,19.0,74.0,0.0,,40.0,14.8,,1016.5,,
2005-09-02 03:00:00-04:00,23.3,18.8,76.0,0.0,,40.0,9.4,,1016.4,,
2005-09-02 04:00:00-04:00,22.8,19.0,79.0,0.0,,30.0,7.6,,1016.4,,
2005-09-02 05:00:00-04:00,22.8,18.3,76.0,0.0,,0.0,0.0,,1016.4,,
2005-09-02 06:00:00-04:00,22.2,18.4,79.0,0.0,,30.0,7.6,,1016.7,,
2005-09-02 07:00:00-04:00,21.7,17.7,78.0,0.0,,30.0,9.4,,1017.0,,
2005-09-02 08:00:00-04:00,21.7,18.3,81.0,0.0,,30.0,7.6,,1017.6,,
2005-09-02 09:00:00-04:00,23.9,19.0,74.0,0.0,,40.0,11.2,,1018.2,,
2005-09-02 10:00:00-04:00,26.7,18.3,60.0,0.0,,30.0,11.2,,1018.6,,
2005-09-02 11:00:00-04:00,28.9,17.7,51.0,0.0,,30.0,11.2,,1019.1,,
2005-09-02 12:00:00-04:00,30.6,16.6,43.0,0.0,,60.0,18.4,,1019.2,,
2005-09-02 13:00:00-04:00,31.1,15.9,40.0,0.0,,60.0,20.5,,1018.7,,
2005-09-02 14:00:00-04:00,31.7,16.0,39.0,0.0,,60.0,13.0,,1018.2,,
2005-09-02 15:00:00-04:00,31.7,16.0,39.0,0.0,,40.0,14.8,,1017.8,,
2005-09-02 16:00:00-04:00,32.2,16.9,40.0,0.0,,,11.2,,1017.2,,
2005-09-02 17:00:00-04:00,32.2,17.3,41.0,0.0,,40.0,18.4,,1016.6,,
2005-09-02 18:00:00-04:00,32.2,16.9,40.0,0.0,,30.0,14.8,,1016.2,,
2005-09-02 19:00:00-04:00,31.1,17.7,45.0,0.0,,30.0,13.0,,1016.3,,
2005-09-02 20:00:00-04:00,28.9,18.3,53.0,0.0,,40.0,11.2,,1016.4,,
2005-09-02 21:00:00-04:00,27.8,18.8,58.0,0.0,,40.0,7.6,,1016.9,,
2005-09-02 22:00:00-04:00,26.7,18.8,62.0,0.0,,10.0,7.6,,1017.6,,
2005-09-02 23:00:00-04:00,25.0,19.4,71.0,0.0,,30.0,5.4,,1018.0,,
2005-09-03 00:00:00-04:00,23.9,20.6,82.0,0.0,,0.0,0.0,,1018.0,,
2005-09-03 01:00:00-04:00,23.9,19.4,76.0,0.0,,0.0,0.0,,1017.9,,
2005-09-03 02:00:00-04:00,23.9,19.4,76.0,0.0,,0.0,0.0,,1017.8,,
2005-09-03 03:00:00-04:00,23.3,19.4,79.0,0.0,,0.0,0.0,,1017.4,,
2005-09-03 04:00:00-04:00,22.2,19.4,84.0,0.0,,0.0,0.0,,1017.3,,
2005-09-03 05:00:00-04:00,22.2,19.4,84.0,0.0,,0.0,0.0,,1017.2,,
2005-09-03 06:00:00-04:00,21.7,19.4,87.0,0.0,,320.0,7.6,,1017.3,,
2005-09-03 07:00:00-04:00,22.8,19.0,79.0,0.0,,0.0,0.0,,1017.7,,
2005-09-03 08:00:00-04:00,22.2,19.4,84.0,0.0,,10.0,7.6,,1018.2,,
2005-09-03 09:00:00-04:00,25.0,21.1,79.0,0.0,,10.0,5.4,,1019.0,,
2005-09-03 10:00:00-04:00,27.2,21.7,72.0,0.0,,40.0,5.4,,1019.0,,
2005-09-03 11:00:00-04:00,29.4,21.1,61.0,0.0,,,5.4,,1019.2,,
2005-09-03 12:00:00-04:00,31.1,20.7,54.0,0.0,,360.0,9.4,,1019.1,,
2005-09-03 13:00:00-04:00,32.2,20.1,49.0,0.0,,60.0,13.0,,1018.5,,
2005-09-03 14:00:00-04:00,32.8,19.3,45.0,0.0,,,11.2,,1018.0,,
2005-09-03 15:00:00-04:00,32.2,19.4,47.0,0.0,,340.0,9.4,,1017.2,,
2005-09-03 16:00:00-04:00,33.9,18.4,40.0,0.0,,320.0,11.2,,1016.5,,
2005-09-03 17:00:00-04:00,33.3,18.2,41.0,0.0,,30.0,9.4,,1015.9,,
2005-09-03 18:00:00-04:00,32.8,18.2,42.0,0.0,,350.0,5.4,,1015.7,,
2005-09-03 19:00:00-04:00,32.2,18.7,45.0,0.0,,10.0,11.2,,1015.6,,
2005-09-03 20:00:00-04:00,30.0,18.7,51.0,0.0,,10.0,11.2,,1015.7,,
2005-09-03 21:00:00-04:00,28.3,19.0,57.0,0.0,,20.0,13.0,,1016.1,,
2005-09-03 22:00:00-04:00,27.8,17.6,54.0,0.0,,30.0,18.4,,1016.6,,
2005-09-03 23:00:00-04:00,26.1,17.2,58.0,0.0,,20.0,13.0,,1017.1,,
2005-09-04 00:00:00-04:00,25.6,17.2,60.0,0.0,,20.0,13.0,,1017.1,,
2005-09-04 01:00:00-04:00,25.0,16.7,60.0,0.0,,20.0,11.2,,1017.1,,
2005-09-04 02:00:00-04:00,23.9,16.7,64.0,0.0,,10.0,7.6,,1016.9,,
2005-09-04 03:00:00-04:00,23.3,16.6,66.0,0.0,,20.0,9.4,,1016.5,,
2005-09-04 04:00:00-04:00,22.8,16.6,68.0,0.0,,20.0,9.4,,1016.1,,
2005-09-04 05:00:00-04:00,21.1,16.7,76.0,0.0,,360.0,7.6,,1016.1,,
2005-09-04 06:00:00-04:00,21.7,16.0,70.0,0.0,,10.0,7.6,,1016.3,,
2005-09-04 07:00:00-04:00,21.1,16.1,73.0,0.0,,340.0,7.6,,1016.5,,
2005-09-04 08:00:00-04:00,21.1,16.1,73.0,0.0,,10.0,5.4,,1017.0,,
2005-09-04 09:00:00-04:00,22.2,16.7,71.0,0.0,,10.0,11.2,,1017.5,,
2005-09-04 10:00:00-04:00,25.0,17.2,62.0,0.0,,20.0,11.2,,1017.6,,
2005-09-04 11:00:00-04:00,26.7,18.3,60.0,0.0,,50.0,7.6,,1018.0,,
2005-09-04 12:00:00-04:00,28.9,18.9,55.0,0.0,,0.0,0.0,,1018.1,,
2005-09-04 13:00:00-04:00,31.1,19.4,50.0,0.0,,100.0,11.2,,1017.8,,
2005-09-04 14:00:00-04:00,32.2,18.4,44.0,0.0,,0.0,0.0,,1017.4,,
2005-09-04 15:00:00-04:00,32.2,16.9,40.0,0.0,,0.0,0.0,,1016.9,,
2005-09-04 16:00:00-04:00,32.8,17.0,39.0,0.0,,180.0,11.2,,1016.2,,
2005-09-04 17:00:00-04:00,32.8,18.2,42.0,0.0,,170.0,16.6,,1015.9,,
2005-09-04 18:00:00-04:00,31.7,19.3,48.0,0.0,,240.0,13.0,,1015.5,,
2005-09-04 19:00:00-04:00,30.0,19.4,53.0,0.0,,150.0,16.6,,1015.9,,
2005-09-04 20:00:00-04:00,26.1,20.6,72.0,0.0,,50.0,16.6,,1016.5,,
2005-09-04 21:00:00-04:00,25.0,21.7,82.0,2.8,,,11.2,,1017.6,,
2005-09-04 22:00:00-04:00,23.9,22.2,90.0,0.0,,320.0,5.4,,1017.7,,
2005-09-04 23:00:00-04:00,24.4,21.7,85.0,0.0,,10.0,9.4,,1017.7,,
2005-09-05 00:00:00-04:00,23.9,21.8,88.0,0.0,,10.0,7.6,,1018.1,,
2005-09-05 01:00:00-04:00,23.9,21.0,84.0,0.0,,0.0,0.0,,1018.0,,
2005-09-05 02:00:00-04:00,23.3,21.2,88.0,0.0,,0.0,0.0,,1017.9,,
2005-09-05 03:00:00-04:00,23.3,20.6,85.0,0.0,,0.0,0.0,,1017.7,,
2005-09-05 04:00:00-04:00,22.2,19.9,87.0,0.0,,30.0,9.4,,1017.5,,
2005-09-05 05:00:00-04:00,23.3,20.6,85.0,0.0,,30.0,13.0,,1017.7,,
2005-09-05 06:00:00-04:00,22.8,20.5,87.0,0.0,,40.0,13.0,,1018.1,,
2005-09-05 07:00:00-04:00,22.2,19.9,87.0,0.0,,50.0,13.0,,1018.3,,
2005-09-05 08:00:00-04:00,22.2,19.4,84.0,0.0,,50.0,11.2,,1018.8,,
2005-09-05 09:00:00-04:00,23.3,20.0,82.0,0.0,,60.0,11.2,,1019.1,,
2005-09-05 10:00:00-04:00,25.0,19.4,71.0,0.0,,80.0,16.6,,1019.6,,
2005-09-05 11:00:00-04:00,27.8,20.1,63.0,0.0,,60.0,16.6,,1019.9,,
2005-09-05 12:00:00-04:00,28.9,19.2,56.0,0.0,,70.0,24.1,,1020.1,,
2005-09-05 13:00:00-04:00,30.0,18.7,51.0,0.0,,110.0,16.6,,1020.0,,
2005-09-05 14:00:00-04:00,30.0,17.8,48.0,0.0,,70.0,22.3,,1019.5,,
2005-09-05 15:00:00-04:00,30.0,17.8,48.0,0.0,,70.0,22.3,,1019.5,,
2005-09-05 16:00:00-04:00,30.6,16.6,43.0,0.0,,70.0,14.8,,1018.7,,
2005-09-05 17:00:00-04:00,31.1,16.7,42.0,0.0,,80.0,24.1,,1018.4,,
2005-09-05 18:00:00-04:00,31.1,16.7,42.0,0.0,,80.0,22.3,,1018.2,,
2005-09-05 19:00:00-04:00,30.0,16.8,45.0,0.0,,60.0,20.5,,1018.5,,
2005-09-05 20:00:00-04:00,28.3,16.2,48.0,0.0,,80.0,16.6,,1018.8,,
2005-09-05 21:00:00-04:00,27.2,16.8,53.0,0.0,,60.0,14.8,,1019.4,,
2005-09-05 22:00:00-04:00,25.6,16.7,58.0,0.0,,70.0,11.2,,1020.1,,
2005-09-05 23:00:00-04:00,24.4,16.6,62.0,0.0,,70.0,13.0,,1020.6,,
2005-09-06 00:00:00-04:00,23.3,16.6,66.0,0.0,,60.0,9.4,,1020.6,,
2005-09-06 01:00:00-04:00,22.2,16.7,71.0,0.0,,60.0,9.4,,1020.5,,
2005-09-06 02:00:00-04:00,21.7,16.6,73.0,0.0,,60.0,11.2,,1020.3,,
2005-09-06 03:00:00-04:00,21.1,16.1,73.0,0.0,,60.0,9.4,,1020.1,,
2005-09-06 04:00:00-04:00,20.6,15.6,73.0,0.0,,40.0,9.4,,1019.7,,
2005-09-06 05:00:00-04:00,19.4,15.7,79.0,0.0,,50.0,9.4,,1019.4,,
2005-09-06 06:00:00-04:00,19.4,15.7,79.0,0.0,,40.0,11.2,,1019.4,,
2005-09-06 07:00:00-04:00,18.9,15.0,78.0,0.0,,50.0,11.2,,1020.0,,
2005-09-06 08:00:00-04:00,19.4,15.1,76.0,0.0,,20.0,14.8,,1020.6,,
2005-09-06 09:00:00-04:00,21.1,15.0,68.0,0.0,,40.0,13.0,,1021.2,,
2005-09-06 10:00:00-04:00,23.9,15.7,60.0,0.0,,50.0,16.6,,1021.1,,
2005-09-06 11:00:00-04:00,26.1,17.2,58.0,0.0,,60.0,16.6,,1021.3,,
2005-09-06 12:00:00-04:00,27.8,17.6,54.0,0.0,,40.0,18.4,,1021.1,,
2005-09-06 13:00:00-04:00,29.4,18.2,51.0,0.0,,30.0,18.4,,1020.8,,
2005-09-06 14:00:00-04:00,30.0,18.4,50.0,0.0,,60.0,18.4,,1020.1,,
2005-09-06 15:00:00-04:00,30.6,18.3,48.0,0.0,,30.0,16.6,,1019.5,,
2005-09-06 16:00:00-04:00,30.6,18.3,48.0,0.0,,40.0,16.6,,1018.8,,
2005-09-06 17:00:00-04:00,31.1,16.7,42.0,0.0,,20.0,22.3,,1018.4,,
2005-09-06 18:00:00-04:00,30.6,17.3,45.0,0.0,,30.0,18.4,,1018.3,,
2005-09-06 19:00:00-04:00,29.4,16.6,46.0,0.0,,40.0,14.8,,1018.7,,
2005-09-06 20:00:00-04:00,27.8,15.4,47.0,0.0,,40.0,18.4,,1018.9,,
2005-09-06 21:00:00-04:00,26.1,16.1,54.0,0.0,,30.0,11.2,,1019.4,,
2005-09-06 22:00:00-04:00,25.0,16.2,58.0,0.0,,20.0,13.0,,1020.0,,
2005-09-06 23:00:00-04:00,24.4,16.1,60.0,0.0,,40.0,13.0,,1019.9,,
2005-09-07 00:00:00-04:00,23.3,16.1,64.0,0.0,,40.0,11.2,,1019.9,,
2005-09-07 01:00:00-04:00,22.8,16.1,66.0,0.0,,40.0,13.0,,1019.7,,
2005-09-07 02:00:00-04:00,22.8,16.1,66.0,0.0,,50.0,14.8,,1019.6,,
2005-09-07 03:00:00-04:00,22.8,16.1,66.0,0.0,,50.0,13.0,,1019.3,,
2005-09-07 04:00:00-04:00,21.7,16.0,70.0,0.0,,50.0,13.0,,1019.2,,
2005-09-07 05:00:00-04:00,21.1,16.1,73.0,0.0,,40.0,11.2,,1019.2,,
2005-09-07 06:00:00-04:00,21.1,16.7,76.0,0.0,,40.0,9.4,,1019.4,,
2005-09-07 07:00:00-04:00,20.6,16.6,78.0,0.0,,30.0,14.8,,1019.9,,
2005-09-07 08:00:00-04:00,20.6,16.6,78.0,0.0,,40.0,16.6,,1020.2,,
2005-09-07 09:00:00-04:00,22.2,17.1,73.0,0.0,,50.0,18.4,,1020.1,,
2005-09-07 10:00:00-04:00,24.4,16.6,62.0,0.0,,50.0,18.4,,1020.4,,
2005-09-07 11:00:00-04:00,26.7,16.6,54.0,0.0,,70.0,24.1,,1020.6,,
2005-09-07 12:00:00-04:00,28.3,16.5,49.0,0.0,,70.0,20.5,,1020.3,,
2005-09-07 13:00:00-04:00,29.4,17.2,48.0,0.0,,30.0,20.5,,1019.6,,
2005-09-07 14:00:00-04:00,31.1,17.7,45.0,0.0,,70.0,14.8,,1019.1,,
2005-09-07 15:00:00-04:00,31.7,16.8,41.0,0.0,,40.0,22.3,,1018.4,,
2005-09-07 16:00:00-04:00,31.7,16.8,41.0,0.0,,20.0,20.5,,1017.6,,
2005-09-07 17:00:00-04:00,31.1,16.7,42.0,0.0,,40.0,18.4,,1017.3,,
2005-09-07 18:00:00-04:00,31.1,16.7,42.0,0.0,,50.0,22.3,,1017.2,,
2005-09-07 19:00:00-04:00,30.0,15.7,42.0,0.0,,20.0,22.3,,1017.1,,
2005-09-07 20:00:00-04:00,28.3,16.2,48.0,0.0,,30.0,18.4,,1017.4,,
2005-09-07 21:00:00-04:00,26.7,16.0,52.0,0.0,,20.0,14.8,,1017.8,,
2005-09-07 22:00:00-04:00,25.6,16.7,58.0,0.0,,20.0,14.8,,1017.9,,
2005-09-07 23:00:00-04:00,24.4,16.6,62.0,0.0,,30.0,13.0,,1018.3,,
2005-09-08 00:00:00-04:00,23.9,16.7,64.0,0.0,,10.0,13.0,,1018.5,,
2005-09-08 01:00:00-04:00,22.8,16.6,68.0,0.0,,10.0,7.6,,1018.5,,
2005-09-08 02:00:00-04:00,22.2,16.7,71.0,0.0,,10.0,11.2,,1018.2,,
2005-09-08 03:00:00-04:00,21.7,16.6,73.0,0.0,,360.0,9.4,,1017.8,,
2005-09-08 04:00:00-04:00,22.2,16.7,71.0,0.0,,20.0,7.6,,1017.4,,
2005-09-08 05:00:00-04:00,21.7,16.6,73.0,0.0,,40.0,7.6,,1017.3,,
2005-09-08 06:00:00-04:00,21.7,16.6,73.0,0.0,,40.0,13.0,,1017.4,,
2005-09-08 07:00:00-04:00,21.7,16.0,70.0,0.0,,40.0,11.2,,1017.8,,
2005-09-08 08:00:00-04:00,21.1,16.7,76.0,0.0,,40.0,11.2,,1018.4,,
2005-09-08 09:00:00-04:00,22.8,16.6,68.0,0.0,,40.0,11.2,,1018.7,,
2005-09-08 10:00:00-04:00,26.1,18.2,62.0,0.0,,50.0,11.2,,1018.8,,
2005-09-08 11:00:00-04:00,27.2,18.2,58.0,0.0,,80.0,14.8,,1018.9,,
2005-09-08 12:00:00-04:00,29.4,18.8,53.0,0.0,,50.0,9.4,,1018.3,,
2005-09-08 13:00:00-04:00,30.0,18.7,51.0,0.0,,10.0,14.8,,1017.7,,
2005-09-08 14:00:00-04:00,31.7,19.3,48.0,0.0,,10.0,14.8,,1017.2,,
2005-09-08 15:00:00-04:00,32.2,18.7,45.0,0.0,,40.0,16.6,,1016.7,,
2005-09-08 16:00:00-04:00,32.8,17.8,41.0,0.0,,360.0,18.4,,1015.9,,
2005-09-08 17:00:00-04:00,32.8,16.2,37.0,0.0,,20.0,11.2,,1015.3,,
2005-09-08 18:00:00-04:00,32.2,16.9,40.0,0.0,,10.0,13.0,,1015.1,,
2005-09-08 19:00:00-04:00,31.1,17.7,45.0,0.0,,50.0,14.8,,1015.3,,
2005-09-08 20:00:00-04:00,28.3,17.8,53.0,0.0,,40.0,9.4,,1015.5,,
2005-09-08 21:00:00-04:00,28.3,17.8,53.0,0.0,,40.0,9.4,,1015.5,,
2005-09-08 22:00:00-04:00,26.1,18.2,62.0,0.0,,10.0,9.4,,1016.6,,
2005-09-08 23:00:00-04:00,23.9,19.0,74.0,0.0,,360.0,5.4,,1016.8,,
2005-09-09 00:00:00-04:00,24.4,18.8,71.0,0.0,,10.0,9.4,,1016.6,,
2005-09-09 01:00:00-04:00,23.9,19.0,74.0,0.0,,30.0,9.4,,1016.5,,
2005-09-09 02:00:00-04:00,23.3,18.4,74.0,0.0,,20.0,7.6,,1016.1,,
2005-09-09 03:00:00-04:00,22.8,18.3,76.0,0.0,,40.0,9.4,,1016.0,,
2005-09-09 04:00:00-04:00,22.2,18.4,79.0,0.0,,30.0,7.6,,1015.8,,
2005-09-09 05:00:00-04:00,21.7,18.3,81.0,0.0,,0.0,0.0,,1015.5,,
2005-09-09 06:00:00-04:00,21.7,17.7,78.0,0.0,,0.0,0.0,,1015.8,,
2005-09-09 07:00:00-04:00,20.6,17.8,84.0,0.0,,360.0,5.4,,1016.5,,
2005-09-09 08:00:00-04:00,21.1,17.9,82.0,0.0,,0.0,0.0,,1016.9,,
2005-09-09 09:00:00-04:00,23.3,18.4,74.0,0.0,,30.0,9.4,,1017.6,,
2005-09-09 10:00:00-04:00,26.1,17.7,60.0,0.0,,60.0,9.4,,1018.1,,
2005-09-09 11:00:00-04:00,28.9,17.7,51.0,0.0,,,7.6,,1018.2,,
2005-09-09 12:00:00-04:00,30.0,15.7,42.0,0.0,,,7.6,,1017.9,,
2005-09-09 13:00:00-04:00,32.2,16.1,38.0,0.0,,10.0,11.2,,1017.3,,
2005-09-09 14:00:00-04:00,31.1,15.1,38.0,0.0,,40.0,7.6,,1016.6,,
2005-09-09 15:00:00-04:00,30.6,14.2,37.0,0.0,,10.0,16.6,,1016.0,,
2005-09-09 16:00:00-04:00,32.2,14.8,35.0,0.0,,30.0,11.2,,1015.2,,
2005-09-09 17:00:00-04:00,31.1,15.1,38.0,0.0,,30.0,9.4,,1014.8,,
2005-09-09 18:00:00-04:00,30.6,15.4,40.0,0.0,,40.0,9.4,,1014.9,,
2005-09-09 19:00:00-04:00,30.0,15.7,42.0,0.0,,50.0,14.8,,1014.9,,
2005-09-09 20:00:00-04:00,27.8,15.4,47.0,0.0,,50.0,9.4,,1015.6,,
2005-09-09 21:00:00-04:00,26.7,15.7,51.0,0.0,,40.0,7.6,,1016.0,,
2005-09-09 22:00:00-04:00,25.0,16.2,58.0,0.0,,40.0,9.4,,1016.4,,
2005-09-09 23:00:00-04:00,24.4,15.6,58.0,0.0,,40.0,9.4,,1016.6,,
2005-09-10 00:00:00-04:00,23.9,16.2,62.0,0.0,,0.0,0.0,,1016.8,,
2005-09-10 01:00:00-04:00,21.1,17.1,78.0,0.0,,0.0,0.0,,1016.7,,
2005-09-10 02:00:00-04:00,21.1,16.7,76.0,0.0,,0.0,0.0,,1016.6,,
2005-09-10 03:00:00-04:00,20.6,16.6,78.0,0.0,,50.0,11.2,,1016.4,,
2005-09-10 04:00:00-04:00,21.7,16.6,73.0,0.0,,0.0,0.0,,1016.3,,
2005-09-10 05:00:00-04:00,21.7,16.0,70.0,0.0,,0.0,0.0,,1016.4,,
2005-09-10 06:00:00-04:00,21.1,16.1,73.0,0.0,,0.0,0.0,,1016.9,,
2005-09-10 07:00:00-04:00,20.6,15.6,73.0,0.0,,0.0,0.0,,1017.4,,
2005-09-10 08:00:00-04:00,20.6,15.6,73.0,0.0,,30.0,5.4,,1018.0,,
2005-09-10 09:00:00-04:00,22.8,16.6,68.0,0.0,,50.0,14.8,,1018.2,,
2005-09-10 10:00:00-04:00,25.6,17.2,60.0,0.0,,40.0,7.6,,1018.7,,
2005-09-10 11:00:00-04:00,27.8,16.7,51.0,0.0,,60.0,13.0,,1019.0,,
2005-09-10 12:00:00-04:00,30.0,17.1,46.0,0.0,,50.0,9.4,,1019.0,,
2005-09-10 13:00:00-04:00,30.0,14.9,40.0,0.0,,,11.2,,1018.7,,
2005-09-10 14:00:00-04:00,30.6,14.2,37.0,0.0,,0.0,0.0,,1018.2,,
2005-09-10 15:00:00-04:00,30.6,15.0,39.0,0.0,,20.0,13.0,,1017.6,,
2005-09-10 16:00:00-04:00,31.7,14.3,35.0,0.0,,30.0,11.2,,1017.0,,
2005-09-10 17:00:00-04:00,32.2,13.9,33.0,0.0,,90.0,14.8,,1016.5,,
2005-09-10 18:00:00-04:00,31.7,13.0,32.0,0.0,,90.0,13.0,,1016.2,,
2005-09-10 19:00:00-04:00,30.6,13.8,36.0,0.0,,70.0,9.4,,1016.5,,
2005-09-10 20:00:00-04:00,28.3,14.5,43.0,0.0,,0.0,0.0,,1016.9,,
2005-09-10 21:00:00-04:00,25.6,15.6,54.0,0.0,,200.0,5.4,,1017.5,,
2005-09-10 22:00:00-04:00,23.3,16.6,66.0,0.0,,0.0,0.0,,1018.3,,
2005-09-10 23:00:00-04:00,22.2,16.7,71.0,0.0,,0.0,0.0,,1018.7,,
2005-09-11 00:00:00-04:00,21.7,16.6,73.0,0.0,,0.0,0.0,,1018.9,,
2005-09-11 01:00:00-04:00,20.6,16.6,78.0,0.0,,0.0,0.0,,1018.9,,
2005-09-11 02:00:00-04:00,20.0,16.6,81.0,0.0,,0.0,0.0,,1018.4,,
2005-09-11 03:00:00-04:00,18.9,16.7,87.0,0.0,,0.0,0.0,,1018.6,,
2005-09-11 04:00:00-04:00,18.3,16.1,87.0,0.0,,0.0,0.0,,1018.5,,
2005-09-11 05:00:00-04:00,18.9,15.6,81.0,0.0,,0.0,0.0,,1018.7,,
2005-09-11 06:00:00-04:00,17.2,15.0,87.0,0.0,,360.0,5.4,,1019.3,,
2005-09-11 07:00:00-04:00,18.9,15.0,78.0,0.0,,40.0,11.2,,1019.8,,
2005-09-11 08:00:00-04:00,18.3,15.0,81.0,0.0,,360.0,5.4,,1020.6,,
2005-09-11 09:00:00-04:00,21.7,15.5,68.0,0.0,,40.0,11.2,,1021.1,,
2005-09-11 10:00:00-04:00,25.0,15.6,56.0,0.0,,80.0,11.2,,1021.5,,
2005-09-11 11:00:00-04:00,28.3,13.8,41.0,0.0,,80.0,11.2,,1021.7,,
2005-09-11 12:00:00-04:00,30.6,12.0,32.0,0.0,,80.0,11.2,,1021.4,,
2005-09-11 13:00:00-04:00,31.7,13.4,33.0,0.0,,90.0,9.4,,1021.3,,
2005-09-11 14:00:00-04:00,32.2,13.4,32.0,0.0,,150.0,14.8,,1020.8,,
2005-09-11 15:00:00-04:00,32.2,12.4,30.0,0.0,,120.0,16.6,,1020.2,,
2005-09-11 16:00:00-04:00,32.2,12.9,31.0,0.0,,110.0,14.8,,1019.4,,
2005-09-11 17:00:00-04:00,32.8,12.9,30.0,0.0,,130.0,13.0,,1018.9,,
2005-09-11 18:00:00-04:00,32.2,13.4,32.0,0.0,,150.0,13.0,,1018.3,,
2005-09-11 19:00:00-04:00,31.1,14.2,36.0,0.0,,160.0,14.8,,1018.2,,
2005-09-11 20:00:00-04:00,28.3,16.2,48.0,0.0,,160.0,11.2,,1018.6,,
2005-09-11 21:00:00-04:00,26.1,16.6,56.0,0.0,,160.0,11.2,,1019.1,,
2005-09-11 22:00:00-04:00,26.1,17.2,58.0,0.0,,0.0,0.0,,1019.8,,
2005-09-11 23:00:00-04:00,22.8,17.3,71.0,0.0,,0.0,0.0,,1020.4,,
2005-09-12 00:00:00-04:00,22.8,17.7,73.0,0.0,,0.0,0.0,,1020.8,,
2005-09-12 01:00:00-04:00,21.7,17.7,78.0,0.0,,0.0,0.0,,1020.5,,
2005-09-12 02:00:00-04:00,21.7,17.7,78.0,0.0,,0.0,0.0,,1020.4,,
2005-09-12 03:00:00-04:00,21.7,17.7,78.0,0.0,,40.0,11.2,,1020.1,,
2005-09-12 04:00:00-04:00,21.1,17.1,78.0,0.0,,0.0,0.0,,1020.1,,
2005-09-12 05:00:00-04:00,20.6,17.2,81.0,0.0,,0.0,0.0,,1020.0,,
2005-09-12 06:00:00-04:00,19.4,16.6,84.0,0.0,,0.0,0.0,,1020.0,,
2005-09-12 07:00:00-04:00,20.0,16.0,78.0,0.0,,0.0,0.0,,1020.4,,
2005-09-12 08:00:00-04:00,20.0,16.0,78.0,0.0,,0.0,0.0,,1020.6,,
2005-09-12 09:00:00-04:00,22.2,17.1,73.0,0.0,,0.0,0.0,,1021.1,,
2005-09-12 10:00:00-04:00,25.6,16.7,58.0,0.0,,70.0,9.4,,1021.1,,
2005-09-12 11:00:00-04:00,28.3,16.2,48.0,0.0,,70.0,9.4,,1021.1,,
2005-09-12 12:00:00-04:00,30.0,14.5,39.0,0.0,,80.0,16.6,,1021.1,,
2005-09-12 13:00:00-04:00,30.6,13.8,36.0,0.0,,60.0,9.4,,1020.5,,
2005-09-12 14:00:00-04:00,30.6,12.0,32.0,0.0,,0.0,0.0,,1019.7,,
2005-09-12 15:00:00-04:00,31.7,11.5,29.0,0.0,,0.0,0.0,,1018.9,,
2005-09-12 16:00:00-04:00,32.2,11.9,29.0,0.0,,110.0,13.0,,1018.0,,
2005-09-12 17:00:00-04:00,32.2,11.9,29.0,0.0,,340.0,11.2,,1017.5,,
2005-09-12 18:00:00-04:00,31.7,10.9,28.0,0.0,,290.0,7.6,,1017.1,,
2005-09-12 19:00:00-04:00,31.1,11.5,30.0,0.0,,0.0,0.0,,1017.0,,
2005-09-12 20:00:00-04:00,27.8,13.3,41.0,0.0,,220.0,5.4,,1017.0,,
2005-09-12 21:00:00-04:00,26.1,14.2,48.0,0.0,,0.0,0.0,,1017.5,,
2005-09-12 22:00:00-04:00,22.2,16.7,71.0,0.0,,330.0,5.4,,1018.2,,
2005-09-12 23:00:00-04:00,21.7,16.0,70.0,0.0,,270.0,5.4,,1018.3,,
2005-09-13 00:00:00-04:00,22.2,15.1,64.0,0.0,,300.0,5.4,,1018.3,,
2005-09-13 01:00:00-04:00,21.7,15.1,66.0,0.0,,0.0,0.0,,1018.2,,
2005-09-13 02:00:00-04:00,21.1,15.0,68.0,0.0,,0.0,0.0,,1018.0,,
2005-09-13 03:00:00-04:00,19.4,15.7,79.0,0.0,,0.0,0.0,,1017.7,,
2005-09-13 04:00:00-04:00,18.9,15.6,81.0,0.0,,0.0,0.0,,1017.3,,
2005-09-13 05:00:00-04:00,19.4,15.7,79.0,0.0,,330.0,5.4,,1017.0,,
2005-09-13 06:00:00-04:00,18.3,15.5,84.0,0.0,,310.0,7.6,,1017.1,,
2005-09-13 07:00:00-04:00,19.4,15.7,79.0,0.0,,310.0,7.6,,1017.2,,
2005-09-13 08:00:00-04:00,18.9,15.6,81.0,0.0,,310.0,5.4,,1017.7,,
2005-09-13 09:00:00-04:00,21.7,16.6,73.0,0.0,,320.0,5.4,,1018.2,,
2005-09-13 10:00:00-04:00,26.1,19.5,67.0,0.0,,340.0,13.0,,1018.4,,
2005-09-13 11:00:00-04:00,28.9,18.3,53.0,0.0,,360.0,9.4,,1018.4,,
2005-09-13 12:00:00-04:00,30.6,16.2,42.0,0.0,,360.0,9.4,,1018.2,,
2005-09-13 13:00:00-04:00,30.0,14.5,39.0,0.0,,320.0,11.2,,1017.7,,
2005-09-13 14:00:00-04:00,32.2,14.8,35.0,0.0,,,9.4,,1017.0,,
2005-09-13 15:00:00-04:00,31.1,15.1,38.0,0.0,,,7.6,,1016.4,,
2005-09-13 16:00:00-04:00,32.2,15.6,37.0,0.0,,350.0,9.4,,1015.7,,
2005-09-13 17:00:00-04:00,32.2,14.8,35.0,0.0,,260.0,9.4,,1015.1,,
2005-09-13 18:00:00-04:00,31.7,14.8,36.0,0.0,,350.0,7.6,,1014.8,,
2005-09-13 19:00:00-04:00,31.1,15.1,38.0,0.0,,10.0,5.4,,1015.0,,
2005-09-13 20:00:00-04:00,27.8,17.0,52.0,0.0,,170.0,9.4,,1015.2,,
2005-09-13 21:00:00-04:00,25.6,17.8,62.0,0.0,,200.0,7.6,,1015.6,,
2005-09-13 22:00:00-04:00,24.4,16.6,62.0,0.0,,230.0,7.6,,1015.9,,
2005-09-13 23:00:00-04:00,23.9,16.7,64.0,0.0,,220.0,9.4,,1016.0,,
2005-09-14 00:00:00-04:00,23.3,16.6,66.0,0.0,,200.0,7.6,,1015.8,,
2005-09-14 01:00:00-04:00,23.3,17.7,71.0,0.0,,220.0,11.2,,1015.4,,
2005-09-14 02:00:00-04:00,22.8,17.7,73.0,0.0,,230.0,7.6,,1015.7,,
2005-09-14 03:00:00-04:00,21.1,17.9,82.0,0.0,,0.0,0.0,,1015.8,,
2005-09-14 04:00:00-04:00,21.1,17.9,82.0,0.0,,0.0,0.0,,1015.9,,
2005-09-14 05:00:00-04:00,20.6,17.8,84.0,0.0,,270.0,5.4,,1015.8,,
2005-09-14 06:00:00-04:00,21.1,18.3,84.0,0.0,,270.0,5.4,,1015.9,,
2005-09-14 07:00:00-04:00,20.6,18.4,87.0,0.0,,0.0,0.0,,1016.3,,
2005-09-14 08:00:00-04:00,20.0,17.8,87.0,0.0,,290.0,5.4,,1017.0,,
2005-09-14 09:00:00-04:00,22.8,19.4,81.0,0.0,,300.0,5.4,,1017.7,,
2005-09-14 10:00:00-04:00,25.6,19.9,71.0,0.0,,270.0,11.2,,1017.9,,
2005-09-14 11:00:00-04:00,28.3,19.2,58.0,0.0,,310.0,14.8,,1018.0,,
2005-09-14 12:00:00-04:00,29.4,18.8,53.0,0.0,,280.0,13.0,,1017.9,,
2005-09-14 13:00:00-04:00,30.6,16.2,42.0,0.0,,300.0,13.0,,1017.5,,
2005-09-14 14:00:00-04:00,31.1,15.5,39.0,0.0,,,7.6,,1016.7,,
2005-09-14 15:00:00-04:00,32.8,15.7,36.0,0.0,,30.0,7.6,,1015.9,,
2005-09-14 16:00:00-04:00,31.7,14.3,35.0,0.0,,0.0,0.0,,1015.1,,
2005-09-14 17:00:00-04:00,33.3,15.7,35.0,0.0,,,9.4,,1014.8,,
2005-09-14 18:00:00-04:00,33.3,14.8,33.0,0.0,,,5.4,,1014.9,,
2005-09-14 19:00:00-04:00,30.6,17.3,45.0,0.0,,160.0,14.8,,1014.9,,
2005-09-14 20:00:00-04:00,27.8,17.0,52.0,0.0,,200.0,13.0,,1015.1,,
2005-09-14 21:00:00-04:00,27.8,,,0.0,,200.0,13.0,,,,
2005-09-14 22:00:00-04:00,25.6,18.8,66.0,0.0,,230.0,7.6,,1016.1,,
2005-09-14 23:00:00-04:00,25.0,18.9,69.0,0.0,,220.0,5.4,,1016.6,,
2005-09-15 00:00:00-04:00,25.0,18.9,69.0,0.0,,0.0,0.0,,1016.7,,
2005-09-15 01:00:00-04:00,23.9,19.0,74.0,0.0,,240.0,5.4,,1016.8,,
2005-09-15 02:00:00-04:00,22.2,19.0,82.0,0.0,,260.0,5.4,,1016.7,,
2005-09-15 03:00:00-04:00,22.8,19.0,79.0,0.0,,270.0,7.6,,1016.7,,
2005-09-15 04:00:00-04:00,22.8,19.4,81.0,0.0,,270.0,7.6,,1016.7,,
2005-09-15 05:00:00-04:00,22.8,19.0,79.0,0.0,,280.0,5.4,,1016.6,,
2005-09-15 06:00:00-04:00,22.2,19.0,82.0,0.0,,280.0,5.4,,1017.0,,
2005-09-15 07:00:00-04:00,22.8,19.0,79.0,0.0,,280.0,5.4,,1017.2,,
2005-09-15 08:00:00-04:00,22.8,19.4,81.0,0.0,,270.0,5.4,,1017.6,,
2005-09-15 09:00:00-04:00,24.4,20.5,79.0,0.0,,290.0,5.4,,1018.1,,
2005-09-15 10:00:00-04:00,27.2,22.2,74.0,0.0,,290.0,11.2,,1018.5,,
2005-09-15 11:00:00-04:00,29.4,22.1,65.0,0.0,,310.0,14.8,,1018.9,,
2005-09-15 12:00:00-04:00,30.6,21.1,57.0,0.0,,270.0,11.2,,1018.7,,
2005-09-15 13:00:00-04:00,31.7,19.3,48.0,0.0,,,7.6,,1018.3,,
2005-09-15 14:00:00-04:00,32.2,19.4,47.0,0.0,,,7.6,,1017.7,,
2005-09-15 15:00:00-04:00,33.3,18.2,41.0,0.0,,,7.6,,1016.8,,
2005-09-15 16:00:00-04:00,33.3,16.6,37.0,0.0,,,5.4,,1016.1,,
2005-09-15 17:00:00-04:00,33.3,20.1,46.0,0.0,,170.0,18.4,,1015.6,,
2005-09-15 18:00:00-04:00,31.7,19.0,47.0,0.0,,200.0,18.4,,1015.8,,
2005-09-15 19:00:00-04:00,30.0,18.7,51.0,0.0,,230.0,16.6,,1016.3,,
2005-09-15 20:00:00-04:00,27.8,18.2,56.0,0.0,,230.0,11.2,,1016.4,,
2005-09-15 21:00:00-04:00,26.7,18.8,62.0,0.0,,230.0,13.0,,1016.9,,
2005-09-15 22:00:00-04:00,26.1,19.0,65.0,0.0,,240.0,9.4,,1017.9,,
2005-09-15 23:00:00-04:00,26.1,19.0,65.0,0.0,,240.0,9.4,,1018.5,,
2005-09-16 00:00:00-04:00,25.6,19.5,69.0,0.0,,230.0,9.4,,1018.6,,
2005-09-16 01:00:00-04:00,25.0,19.4,71.0,0.0,,220.0,11.2,,1018.3,,
2005-09-16 02:00:00-04:00,23.9,19.4,76.0,0.0,,220.0,7.6,,1017.9,,
2005-09-16 03:00:00-04:00,24.4,19.5,74.0,0.0,,230.0,9.4,,1017.9,,
2005-09-16 04:00:00-04:00,22.8,19.4,81.0,0.0,,270.0,7.6,,1018.0,,
2005-09-16 05:00:00-04:00,22.8,19.9,84.0,0.0,,260.0,5.4,,1017.9,,
2005-09-16 06:00:00-04:00,22.8,19.9,84.0,0.0,,260.0,5.4,,1018.2,,
2005-09-16 07:00:00-04:00,22.2,19.4,84.0,0.0,,0.0,0.0,,1018.5,,
2005-09-16 08:00:00-04:00,21.7,20.0,90.0,0.0,,0.0,0.0,,1019.0,,
2005-09-16 09:00:00-04:00,23.9,20.6,82.0,0.0,,0.0,0.0,,1019.5,,
2005-09-16 10:00:00-04:00,26.7,20.5,69.0,0.0,,270.0,9.4,,1019.8,,
2005-09-16 11:00:00-04:00,28.9,19.2,56.0,0.0,,280.0,16.6,,1019.7,,
2005-09-16 12:00:00-04:00,31.1,17.7,45.0,0.0,,270.0,11.2,,1019.6,,
2005-09-16 13:00:00-04:00,32.2,18.4,44.0,0.0,,,9.4,,1019.1,,
2005-09-16 14:00:00-04:00,32.8,18.9,44.0,0.0,,,9.4,,1018.4,,
2005-09-16 15:00:00-04:00,33.9,18.8,41.0,0.0,,300.0,13.0,,1017.8,,
2005-09-16 16:00:00-04:00,33.3,18.2,41.0,0.0,,220.0,11.2,,1016.9,,
2005-09-16 17:00:00-04:00,32.2,18.7,45.0,0.0,,200.0,16.6,,1017.1,,
2005-09-16 18:00:00-04:00,31.1,18.1,46.0,0.0,,220.0,14.8,,1016.5,,
2005-09-16 19:00:00-04:00,30.0,17.1,46.0,0.0,,210.0,9.4,,1016.9,,
2005-09-16 20:00:00-04:00,28.3,17.2,51.0,0.0,,210.0,5.4,,1017.3,,
2005-09-16 21:00:00-04:00,26.7,18.3,60.0,,,280.0,5.4,,1017.5,,
2005-09-16 22:00:00-04:00,25.0,18.2,66.0,0.0,,260.0,7.6,,1017.8,,
2005-09-16 23:00:00-04:00,25.6,18.8,66.0,0.0,,240.0,9.4,,1017.8,,
2005-09-17 00:00:00-04:00,25.0,19.4,71.0,0.0,,0.0,0.0,,1017.9,,
2005-09-17 01:00:00-04:00,25.0,19.4,71.0,0.0,,0.0,0.0,,1017.4,,
2005-09-17 02:00:00-04:00,23.3,19.4,79.0,0.0,,290.0,5.4,,1017.1,,
2005-09-17 03:00:00-04:00,24.4,19.9,76.0,0.0,,220.0,7.6,,1016.9,,
2005-09-17 04:00:00-04:00,23.9,20.0,79.0,0.0,,210.0,5.4,,1016.5,,
2005-09-17 05:00:00-04:00,22.8,19.9,84.0,0.0,,0.0,0.0,,1016.4,,
2005-09-17 06:00:00-04:00,23.3,20.6,85.0,0.0,,250.0,5.4,,1016.6,,
2005-09-17 07:00:00-04:00,22.8,20.5,87.0,0.0,,310.0,5.4,,1017.1,,
2005-09-17 08:00:00-04:00,22.8,20.5,87.0,0.0,,0.0,0.0,,1017.7,,
2005-09-17 09:00:00-04:00,25.0,21.7,82.0,0.0,,0.0,0.0,,1017.9,,
2005-09-17 10:00:00-04:00,27.8,22.7,74.0,0.0,,280.0,13.0,,1018.0,,
2005-09-17 11:00:00-04:00,29.4,22.9,68.0,0.0,,,5.4,,1018.3,,
2005-09-17 12:00:00-04:00,31.7,22.7,59.0,0.0,,,7.6,,1018.2,,
2005-09-17 13:00:00-04:00,31.7,21.2,54.0,0.0,,240.0,7.6,,1017.7,,
2005-09-17 14:00:00-04:00,33.9,20.6,46.0,0.0,,,9.4,,1017.1,,
2005-09-17 15:00:00-04:00,32.8,20.0,47.0,0.0,,,5.4,,1016.1,,
2005-09-17 16:00:00-04:00,33.9,20.6,46.0,0.0,,70.0,7.6,,1015.3,,
2005-09-17 17:00:00-04:00,33.9,21.7,49.0,0.0,,160.0,14.8,,1014.8,,
2005-09-17 18:00:00-04:00,32.8,19.3,45.0,0.0,,200.0,18.4,,1015.0,,
2005-09-17 19:00:00-04:00,31.1,20.7,54.0,0.0,,180.0,16.6,,1015.2,,
2005-09-17 20:00:00-04:00,28.9,21.1,63.0,0.0,,200.0,13.0,,1015.3,,
2005-09-17 21:00:00-04:00,28.3,22.3,70.0,0.0,,210.0,13.0,,1015.8,,
2005-09-17 22:00:00-04:00,27.2,22.2,74.0,0.0,,230.0,9.4,,1016.3,,
2005-09-17 23:00:00-04:00,27.2,22.8,77.0,0.0,,240.0,7.6,,1016.6,,
2005-09-18 00:00:00-04:00,26.7,22.7,79.0,0.0,,220.0,9.4,,1016.6,,
2005-09-18 01:00:00-04:00,26.1,22.8,82.0,0.0,,230.0,5.4,,1016.4,,
2005-09-18 02:00:00-04:00,25.6,22.7,84.0,0.0,,190.0,9.4,,1016.4,,
2005-09-18 03:00:00-04:00,25.0,22.1,84.0,0.0,,0.0,0.0,,1016.4,,
2005-09-18 04:00:00-04:00,25.6,22.7,84.0,0.0,,240.0,7.6,,1016.3,,
2005-09-18 05:00:00-04:00,25.0,22.9,88.0,0.0,,0.0,0.0,,1016.3,,
2005-09-18 06:00:00-04:00,24.4,22.3,88.0,0.0,,0.0,0.0,,1016.5,,
2005-09-18 07:00:00-04:00,24.4,22.8,91.0,0.0,,0.0,0.0,,1017.0,,
2005-09-18 08:00:00-04:00,24.4,22.8,91.0,0.0,,0.0,0.0,,1017.5,,
2005-09-18 09:00:00-04:00,25.6,23.3,87.0,0.0,,0.0,0.0,,1017.9,,
2005-09-18 10:00:00-04:00,27.8,23.4,77.0,0.0,,300.0,9.4,,1018.1,,
2005-09-18 11:00:00-04:00,28.9,23.3,72.0,0.0,,330.0,13.0,,1018.4,,
2005-09-18 12:00:00-04:00,31.1,22.7,61.0,0.0,,,5.4,,1018.2,,
2005-09-18 13:00:00-04:00,33.3,21.8,51.0,0.0,,0.0,0.0,,1017.9,,
2005-09-18 14:00:00-04:00,32.2,21.1,52.0,0.0,,0.0,0.0,,1017.6,,
2005-09-18 15:00:00-04:00,33.9,20.6,46.0,0.0,,260.0,9.4,,1017.0,,
2005-09-18 16:00:00-04:00,35.0,21.6,46.0,0.0,,310.0,9.4,,1016.3,,
2005-09-18 17:00:00-04:00,35.0,19.4,40.0,0.0,,0.0,0.0,,1015.9,,
2005-09-18 18:00:00-04:00,32.2,22.3,56.0,0.0,,120.0,25.9,,1015.9,,
2005-09-18 19:00:00-04:00,30.6,24.0,68.0,,,190.0,9.4,,1016.2,,
2005-09-18 20:00:00-04:00,28.9,22.1,67.0,0.0,,210.0,9.4,,1016.7,,
2005-09-18 21:00:00-04:00,28.3,22.3,70.0,0.0,,220.0,7.6,,1016.8,,
2005-09-18 22:00:00-04:00,27.2,22.2,74.0,0.0,,0.0,0.0,,1017.5,,
2005-09-18 23:00:00-04:00,26.7,21.7,74.0,0.0,,,5.4,,1017.7,,
2005-09-19 00:00:00-04:00,26.7,21.7,74.0,0.0,,0.0,0.0,,1018.0,,
2005-09-19 01:00:00-04:00,25.6,22.3,82.0,0.0,,0.0,0.0,,1018.3,,
2005-09-19 02:00:00-04:00,25.0,22.1,84.0,0.0,,310.0,5.4,,1018.3,,
2005-09-19 03:00:00-04:00,24.4,22.3,88.0,0.0,,310.0,5.4,,1018.2,,
2005-09-19 04:00:00-04:00,24.4,22.3,88.0,0.0,,0.0,0.0,,1018.1,,
2005-09-19 05:00:00-04:00,23.9,22.2,90.0,0.0,,0.0,0.0,,1018.3,,
2005-09-19 06:00:00-04:00,23.9,21.8,88.0,0.0,,320.0,5.4,,1018.5,,
2005-09-19 07:00:00-04:00,23.9,21.8,88.0,0.0,,0.0,0.0,,1019.3,,
2005-09-19 08:00:00-04:00,23.3,21.2,88.0,0.0,,320.0,5.4,,1019.9,,
2005-09-19 09:00:00-04:00,25.0,22.1,84.0,0.0,,320.0,9.4,,1020.5,,
2005-09-19 10:00:00-04:00,28.3,22.3,70.0,0.0,,330.0,11.2,,1021.0,,
2005-09-19 11:00:00-04:00,30.6,22.2,61.0,0.0,,360.0,9.4,,1021.0,,
2005-09-19 12:00:00-04:00,32.8,22.2,54.0,0.0,,360.0,11.2,,1020.9,,
2005-09-19 13:00:00-04:00,33.3,22.1,52.0,0.0,,,7.6,,1020.6,,
2005-09-19 14:00:00-04:00,33.3,21.8,51.0,0.0,,300.0,9.4,,1020.0,,
2005-09-19 15:00:00-04:00,33.9,21.0,47.0,0.0,,340.0,9.4,,1019.2,,
2005-09-19 16:00:00-04:00,33.9,21.7,49.0,0.0,,20.0,14.8,,1018.3,,
2005-09-19 17:00:00-04:00,35.6,19.9,40.0,0.0,,,7.6,,1017.7,,
2005-09-19 18:00:00-04:00,33.3,21.8,51.0,0.0,,30.0,13.0,,1017.9,,
2005-09-19 19:00:00-04:00,32.2,21.1,52.0,0.0,,50.0,11.2,,1018.2,,
2005-09-19 20:00:00-04:00,31.1,21.6,57.0,0.0,,50.0,7.6,,1018.2,,
2005-09-19 21:00:00-04:00,30.0,21.6,61.0,0.0,,150.0,5.4,,1018.8,,
2005-09-19 22:00:00-04:00,28.9,22.1,67.0,0.0,,0.0,0.0,,1019.3,,
2005-09-19 23:00:00-04:00,27.8,22.3,72.0,0.0,,0.0,0.0,,1019.3,,
2005-09-20 00:00:00-04:00,26.7,22.1,76.0,0.0,,10.0,5.4,,1019.1,,
2005-09-20 01:00:00-04:00,26.7,21.7,74.0,0.0,,30.0,5.4,,1019.2,,
2005-09-20 02:00:00-04:00,26.1,21.7,77.0,0.0,,60.0,5.4,,1019.0,,
2005-09-20 03:00:00-04:00,26.1,21.7,77.0,0.0,,0.0,0.0,,1018.8,,
2005-09-20 04:00:00-04:00,25.6,21.7,79.0,0.0,,0.0,0.0,,1018.8,,
2005-09-20 05:00:00-04:00,25.0,21.7,82.0,0.0,,0.0,0.0,,1018.7,,
2005-09-20 06:00:00-04:00,24.4,21.1,82.0,0.0,,20.0,5.4,,1018.9,,
2005-09-20 07:00:00-04:00,23.9,20.6,82.0,0.0,,10.0,7.6,,1019.4,,
2005-09-20 08:00:00-04:00,23.9,20.0,79.0,0.0,,30.0,5.4,,1019.9,,
2005-09-20 09:00:00-04:00,26.1,20.6,72.0,0.0,,30.0,5.4,,1020.3,,
2005-09-20 10:00:00-04:00,28.3,20.6,63.0,0.0,,40.0,7.6,,1020.6,,
2005-09-20 11:00:00-04:00,31.1,20.1,52.0,0.0,,90.0,11.2,,1020.6,,
2005-09-20 12:00:00-04:00,32.8,19.3,45.0,0.0,,50.0,11.2,,1020.4,,
2005-09-20 13:00:00-04:00,33.9,19.9,44.0,0.0,,30.0,13.0,,1019.6,,
2005-09-20 14:00:00-04:00,33.3,19.0,43.0,0.0,,360.0,18.4,,1018.8,,
2005-09-20 15:00:00-04:00,34.4,18.8,40.0,0.0,,50.0,18.4,,1018.1,,
2005-09-20 16:00:00-04:00,34.4,18.4,39.0,0.0,,30.0,13.0,,1017.5,,
2005-09-20 17:00:00-04:00,34.4,17.6,37.0,0.0,,50.0,13.0,,1016.9,,
2005-09-20 18:00:00-04:00,33.9,17.6,38.0,0.0,,10.0,14.8,,1016.8,,
2005-09-20 19:00:00-04:00,32.8,18.2,42.0,0.0,,360.0,13.0,,1016.9,,
2005-09-20 20:00:00-04:00,30.0,18.7,51.0,0.0,,10.0,7.6,,1017.1,,
2005-09-20 21:00:00-04:00,28.9,19.2,56.0,0.0,,10.0,11.2,,1017.3,,
2005-09-20 22:00:00-04:00,28.3,19.0,57.0,0.0,,10.0,11.2,,1017.6,,
2005-09-20 23:00:00-04:00,27.2,18.7,60.0,0.0,,10.0,13.0,,1017.7,,
2005-09-21 00:00:00-04:00,26.7,18.8,62.0,0.0,,20.0,11.2,,1017.6,,
2005-09-21 01:00:00-04:00,26.7,18.8,62.0,0.0,,20.0,13.0,,1017.1,,
2005-09-21 02:00:00-04:00,25.6,18.8,66.0,0.0,,40.0,11.2,,1016.8,,
2005-09-21 03:00:00-04:00,25.0,18.9,69.0,0.0,,50.0,9.4,,1016.6,,
2005-09-21 04:00:00-04:00,23.9,19.0,74.0,0.0,,40.0,7.6,,1016.1,,
2005-09-21 05:00:00-04:00,23.9,19.0,74.0,0.0,,30.0,11.2,,1015.9,,
2005-09-21 06:00:00-04:00,23.3,18.8,76.0,0.0,,30.0,11.2,,1016.0,,
2005-09-21 07:00:00-04:00,22.8,19.0,79.0,0.0,,40.0,11.2,,1016.4,,
2005-09-21 08:00:00-04:00,22.8,19.0,79.0,0.0,,50.0,11.2,,1016.4,,
2005-09-21 09:00:00-04:00,24.4,19.5,74.0,0.0,,50.0,11.2,,1016.5,,
2005-09-21 10:00:00-04:00,27.8,19.3,60.0,0.0,,70.0,11.2,,1016.6,,
2005-09-21 11:00:00-04:00,30.0,19.4,53.0,,,70.0,24.1,,1016.9,,
2005-09-21 12:00:00-04:00,32.2,18.4,44.0,,,40.0,24.1,,1016.3,,
2005-09-21 13:00:00-04:00,33.9,17.1,37.0,0.0,,80.0,18.4,,1016.2,,
2005-09-21 14:00:00-04:00,34.4,16.7,35.0,0.0,,80.0,25.9,,1015.5,,
2005-09-21 15:00:00-04:00,34.4,16.2,34.0,0.0,,80.0,18.4,,1014.5,,
2005-09-21 16:00:00-04:00,35.0,14.8,30.0,0.0,,70.0,22.3,,1013.8,,
2005-09-21 17:00:00-04:00,35.0,14.3,29.0,0.0,,70.0,24.1,,1013.2,,
2005-09-21 18:00:00-04:00,34.4,13.8,29.0,0.0,,50.0,20.5,,1012.8,,
2005-09-21 19:00:00-04:00,32.8,14.8,34.0,0.0,,40.0,16.6,,1012.6,,
2005-09-21 20:00:00-04:00,30.0,16.0,43.0,0.0,,50.0,7.6,,1013.0,,
2005-09-21 21:00:00-04:00,28.3,16.5,49.0,0.0,,40.0,11.2,,1013.4,,
2005-09-21 22:00:00-04:00,27.2,20.0,65.0,0.0,,90.0,9.4,,1013.9,,
2005-09-21 23:00:00-04:00,27.2,18.7,60.0,0.0,,40.0,7.6,,1014.0,,
2005-09-22 00:00:00-04:00,27.2,20.5,67.0,0.0,,100.0,11.2,,1013.9,,
2005-09-22 01:00:00-04:00,27.2,21.7,72.0,0.0,,90.0,9.4,,1013.4,,
2005-09-22 02:00:00-04:00,26.1,21.7,77.0,0.0,,80.0,14.8,,1013.0,,
2005-09-22 03:00:00-04:00,25.6,21.0,76.0,0.0,,80.0,18.4,,1012.9,,
2005-09-22 04:00:00-04:00,25.0,21.1,79.0,0.0,,90.0,18.4,,1012.6,,
2005-09-22 05:00:00-04:00,25.0,21.1,79.0,0.0,,90.0,18.4,,1012.3,,
2005-09-22 06:00:00-04:00,23.9,21.0,84.0,0.0,,70.0,14.8,,1012.3,,
2005-09-22 07:00:00-04:00,23.9,21.0,84.0,0.0,,60.0,16.6,,1012.6,,
2005-09-22 08:00:00-04:00,23.9,21.0,84.0,0.0,,80.0,18.4,,1013.1,,
2005-09-22 09:00:00-04:00,24.4,21.1,82.0,0.0,,80.0,16.6,,1013.1,,
2005-09-22 10:00:00-04:00,25.6,21.7,79.0,0.0,,70.0,24.1,,1013.3,,
2005-09-22 11:00:00-04:00,26.7,21.7,74.0,0.0,,70.0,18.4,,1013.4,,
2005-09-22 12:00:00-04:00,28.3,22.3,70.0,0.0,,70.0,22.3,,1013.7,,
2005-09-22 13:00:00-04:00,30.0,22.2,63.0,0.0,,80.0,18.4,,1012.9,,
2005-09-22 14:00:00-04:00,31.1,22.1,59.0,0.0,,60.0,20.5,,1012.5,,
2005-09-22 15:00:00-04:00,30.6,22.7,63.0,0.0,,80.0,20.5,,1011.4,,
2005-09-22 16:00:00-04:00,32.2,21.7,54.0,,,100.0,20.5,,1010.8,,
2005-09-22 17:00:00-04:00,26.7,22.1,76.0,,,70.0,20.5,,1010.5,,
2005-09-22 18:00:00-04:00,24.4,22.3,88.0,8.6,,60.0,11.2,,1010.7,,
2005-09-22 19:00:00-04:00,24.4,21.7,85.0,,,70.0,18.4,,1011.1,,
2005-09-22 20:00:00-04:00,23.9,21.8,88.0,0.0,,50.0,14.8,,1011.7,,
2005-09-22 21:00:00-04:00,24.4,21.7,85.0,0.0,,70.0,14.8,,1011.6,,
2005-09-22 22:00:00-04:00,25.0,21.7,82.0,0.0,,80.0,24.1,,1011.5,,
2005-09-22 23:00:00-04:00,24.4,21.7,85.0,0.0,,60.0,25.9,,1011.0,,
2005-09-23 00:00:00-04:00,24.4,21.7,85.0,0.0,,80.0,20.5,,1011.1,,
